,county,population,state
0,Autauga,55243,alabama
1,Baldwin,207601,alabama
2,Barbour,25806,alabama
3,Bibb,22586,alabama
4,Blount,57494,alabama
5,Bullock,10389,alabama
6,Butler,20012,alabama
7,Calhoun,114973,alabama
8,Chambers,33745,alabama
9,Cherokee,25768,alabama
10,Chilton,43866,alabama
11,Choctaw,13045,alabama
12,Clarke,24340,alabama
13,Clay,13393,alabama
14,Cleburne,14848,alabama
15,Coffee,51202,alabama
16,Colbert,54497,alabama
17,Conecuh,12500,alabama
18,Coosa,10819,alabama
19,Covington,37382,alabama
20,Crenshaw,13916,alabama
21,Cullman,82450,alabama
22,Dale,49362,alabama
23,Dallas,40080,alabama
24,DeKalb,71104,alabama
25,Elmore,81204,alabama
26,Escambia,37475,alabama
27,Etowah,102855,alabama
28,Fayette,16563,alabama
29,Franklin,31611,alabama
30,Geneva,26494,alabama
31,Greene,8482,alabama
32,Hale,14828,alabama
33,Henry,17072,alabama
34,Houston,104218,alabama
35,Jackson,51988,alabama
36,Jefferson,660343,alabama
37,Lamar,13928,alabama
38,Lauderdale,92425,alabama
39,Lawrence,33227,alabama
40,Lee,159168,alabama
41,Limestone,92847,alabama
42,Lowndes,10248,alabama
43,Macon,19060,alabama
44,Madison,356729,alabama
45,Marengo,19525,alabama
46,Marion,29960,alabama
47,Marshall,95113,alabama
48,Mobile,414945,alabama
49,Monroe,21548,alabama
50,Montgomery,227170,alabama
51,Morgan,119006,alabama
52,Perry,9532,alabama
53,Pickens,20325,alabama
54,Pike,33464,alabama
55,Randolph,22504,alabama
56,Russell,58185,alabama
57,St. Clair,87306,alabama
58,Shelby,211282,alabama
59,Sumter,12967,alabama
60,Talladega,80552,alabama
61,Tallapoosa,40586,alabama
62,Tuscaloosa,206464,alabama
63,Walker,64533,alabama
64,Washington,16621,alabama
65,Wilcox,10844,alabama
66,Winston,23907,alabama
67,Apache,71381,arizona
68,Cochise,125686,arizona
69,Coconino,140407,arizona
70,Gila,53356,arizona
71,Graham,37807,arizona
72,Greenlee,9643,arizona
73,La Paz,20648,arizona
74,Maricopa,4256143,arizona
75,Mohave,205412,arizona
76,Navajo,108467,arizona
77,Pima,1016707,arizona
78,Pinal,417193,arizona
79,Santa Cruz,46400,arizona
80,Yavapai,224575,arizona
81,Yuma,207247,arizona
82,Arkansas,18154,arkansas
83,Ashley,20530,arkansas
84,Baxter,41131,arkansas
85,Benton,259212,arkansas
86,Boone,37259,arkansas
87,Bradley,10959,arkansas
88,Calhoun,5143,arkansas
89,Carroll,27728,arkansas
90,Chicot,10899,arkansas
91,Clark,22602,arkansas
92,Clay,15060,arkansas
93,Cleburne,25173,arkansas
94,Cleveland,8245,arkansas
95,Columbia,24026,arkansas
96,Conway,20874,arkansas
97,Craighead,105932,arkansas
98,Crawford,62263,arkansas
99,Crittenden,49306,arkansas
100,Cross,17025,arkansas
101,Dallas,7399,arkansas
102,Desha,11905,arkansas
103,Drew,18553,arkansas
104,Faulkner,122206,arkansas
105,Franklin,17655,arkansas
106,Fulton,12099,arkansas
107,Garland,98282,arkansas
108,Grant,18064,arkansas
109,Greene,44730,arkansas
110,Hempstead,22032,arkansas
111,Hot Spring,33438,arkansas
112,Howard,13350,arkansas
113,Independence,37117,arkansas
114,Izard,13488,arkansas
115,Jackson,17282,arkansas
116,Jefferson,70407,arkansas
117,Johnson,26127,arkansas
118,Lafayette,6888,arkansas
119,Lawrence,16639,arkansas
120,Lee,9337,arkansas
121,Lincoln,13728,arkansas
122,Little River,12406,arkansas
123,Logan,21732,arkansas
124,Lonoke,71803,arkansas
125,Madison,16112,arkansas
126,Marion,16376,arkansas
127,Miller,43713,arkansas
128,Mississippi,42900,arkansas
129,Monroe,7205,arkansas
130,Montgomery,8936,arkansas
131,Nevada,8378,arkansas
132,Newton,7848,arkansas
133,Ouachita,24013,arkansas
134,Perry,10286,arkansas
135,Phillips,19050,arkansas
136,Pike,10826,arkansas
137,Poinsett,23974,arkansas
138,Polk,20145,arkansas
139,Pope,63897,arkansas
140,Prairie,8252,arkansas
141,Pulaski,394151,arkansas
142,Randolph,17444,arkansas
143,St. Francis,26347,arkansas
144,Saline,117656,arkansas
145,Scott,10332,arkansas
146,Searcy,7968,arkansas
147,Sebastian,127385,arkansas
148,Sevier,16971,arkansas
149,Sharp,17007,arkansas
150,Stone,12509,arkansas
151,Union,39879,arkansas
152,Van Buren,16669,arkansas
153,Washington,228482,arkansas
154,White,78917,arkansas
155,Woodruff,6600,arkansas
156,Yell,21502,arkansas
157,Alameda,1650950,california
158,Alpine,1047,california
159,Amador,37429,california
160,Butte,226231,california
161,Calaveras,45322,california
162,Colusa,21496,california
163,Contra Costa,1137268,california
164,Del Norte,27382,california
165,El Dorado,185976,california
166,Fresno,976830,california
167,Glenn,27840,california
168,Humboldt,136290,california
169,Imperial,180179,california
170,Inyo,17922,california
171,Kern,880856,california
172,Kings,149382,california
173,Lake,63903,california
174,Lassen,30721,california
175,Los Angeles,10105708,california
176,Madera,153956,california
177,Marin,260562,california
178,Mariposa,17456,california
179,Mendocino,87285,california
180,Merced,267628,california
181,Modoc,8961,california
182,Mono,14273,california
183,Monterey,433953,california
184,Napa,140840,california
185,Nevada,98913,california
186,Orange,3164986,california
187,Placer,378943,california
188,Plumas,18665,california
189,Riverside,2380081,california
190,Sacramento,1510987,california
191,San Benito,59225,california
192,San Bernardino,2131960,california
193,San Diego,3306089,california
194,San Francisco,871512,california
195,San Joaquin,732809,california
196,San Luis Obispo,281803,california
197,San Mateo,767906,california
198,Santa Barbara,444340,california
199,Santa Clara,1928368,california
200,Santa Cruz,274396,california
201,Shasta,178571,california
202,Sierra,2951,california
203,Siskiyou,43376,california
204,Solano,438858,california
205,Sonoma,502547,california
206,Stanislaus,539255,california
207,Sutter,95742,california
208,Tehama,63453,california
209,Trinity,12828,california
210,Tulare,459235,california
211,Tuolumne,53770,california
212,Ventura,847323,california
213,Yolo,215627,california
214,Yuba,74952,california
215,Adams,497734,colorado
216,Alamosa,16053,colorado
217,Arapahoe,638950,colorado
218,Archuleta,12825,colorado
219,Baca,3530,colorado
220,Bent,5833,colorado
221,Boulder,321250,colorado
222,Broomfield,66513,colorado
223,Chaffee,19110,colorado
224,Cheyenne,1850,colorado
225,Clear Creek,9353,colorado
226,Conejos,8050,colorado
227,Costilla,3693,colorado
228,Crowley,5285,colorado
229,Custer,4588,colorado
230,Delta,30346,colorado
231,Denver,696159,colorado
232,Dolores,2056,colorado
233,Douglas,328219,colorado
234,Eagle,54541,colorado
235,Elbert,25157,colorado
236,El Paso,688277,colorado
237,Fremont,46976,colorado
238,Garfield,58785,colorado
239,Gilpin,5914,colorado
240,Grand,15179,colorado
241,Gunnison,16414,colorado
242,Hinsdale,788,colorado
243,Huerfano,6580,colorado
244,Jackson,1358,colorado
245,Jefferson,571413,colorado
246,Kiowa,1342,colorado
247,Kit Carson,7626,colorado
248,Lake,7590,colorado
249,La Plata,55316,colorado
250,Larimer,338984,colorado
251,Las Animas,14073,colorado
252,Lincoln,5551,colorado
253,Logan,22435,colorado
254,Mesa,149736,colorado
255,Mineral,756,colorado
256,Moffat,13144,colorado
257,Montezuma,25994,colorado
258,Montrose,41151,colorado
259,Morgan,28199,colorado
260,Otero,18266,colorado
261,Ouray,4789,colorado
262,Park,17343,colorado
263,Phillips,4280,colorado
264,Pitkin,17975,colorado
265,Prowers,11926,colorado
266,Pueblo,164774,colorado
267,Rio Blanco,6436,colorado
268,Rio Grande,11337,colorado
269,Routt,24682,colorado
270,Saguache,6412,colorado
271,San Juan,691,colorado
272,San Miguel,8017,colorado
273,Sedgwick,2400,colorado
274,Summit,30552,colorado
275,Teller,24058,colorado
276,Washington,4834,colorado
277,Weld,295712,colorado
278,Yuma,10055,colorado
279,Kent,174542,delaware
280,New Castle,555058,delaware
281,Sussex,219321,delaware
282,Alachua,263959,florida
283,Baker,27884,florida
284,Bay,183634,florida
285,Bradford,26740,florida
286,Brevard,576874,florida
287,Broward,1912583,florida
288,Calhoun,14330,florida
289,Charlotte,177671,florida
290,Citrus,142804,florida
291,Clay,207246,florida
292,Collier,365445,florida
293,Columbia,69265,florida
294,DeSoto,36255,florida
295,Dixie,16465,florida
296,Duval,926010,florida
297,Escambia,311473,florida
298,Flagler,107406,florida
299,Franklin,11823,florida
300,Gadsden,46086,florida
301,Gilchrist,17622,florida
302,Glades,13406,florida
303,Gulf,16062,florida
304,Hamilton,14303,florida
305,Hardee,27219,florida
306,Hendry,40037,florida
307,Hernando,182459,florida
308,Highlands,102041,florida
309,Hillsborough,1396693,florida
310,Holmes,19398,florida
311,Indian River,151159,florida
312,Jackson,48299,florida
313,Jefferson,13960,florida
314,Lafayette,8747,florida
315,Lake,334913,florida
316,Lee,722649,florida
317,Leon,286744,florida
318,Levy,39837,florida
319,Liberty,8300,florida
320,Madison,18316,florida
321,Manatee,375373,florida
322,Marion,347469,florida
323,Martin,158325,florida
324,Miami-Dade,2692213,florida
325,Monroe,76872,florida
326,Nassau,80055,florida
327,Okaloosa,200071,florida
328,Okeechobee,40769,florida
329,Orange,1326516,florida
330,Osceola,338209,florida
331,Palm Beach,1450890,florida
332,Pasco,509937,florida
333,Pinellas,959874,florida
334,Polk,665823,florida
335,Putnam,72373,florida
336,St. Johns,234828,florida
337,St. Lucie,305566,florida
338,Santa Rosa,169894,florida
339,Sarasota,412968,florida
340,Seminole,455945,florida
341,Sumter,122009,florida
342,Suwannee,43834,florida
343,Taylor,22099,florida
344,Union,15238,florida
345,Volusia,528453,florida
346,Wakulla,31882,florida
347,Walton,65421,florida
348,Washington,24454,florida
349,Appling,18428,georgia
350,Atkinson,8244,georgia
351,Bacon,11275,georgia
352,Baker,3183,georgia
353,Baldwin,45259,georgia
354,Banks,18325,georgia
355,Barrow,77000,georgia
356,Bartow,103338,georgia
357,Ben Hill,17251,georgia
358,Berrien,18996,georgia
359,Bibb,153152,georgia
360,Bleckley,12864,georgia
361,Brantley,18415,georgia
362,Brooks,15725,georgia
363,Bryan,35839,georgia
364,Bulloch,74642,georgia
365,Burke,22601,georgia
366,Butts,23736,georgia
367,Calhoun,6359,georgia
368,Camden,52394,georgia
369,Candler,10849,georgia
370,Carroll,116077,georgia
371,Catoosa,66265,georgia
372,Charlton,12842,georgia
373,Chatham,288615,georgia
374,Chattahoochee,10047,georgia
375,Chattooga,24836,georgia
376,Cherokee,241795,georgia
377,Clarke,124905,georgia
378,Clay,3005,georgia
379,Clayton,279333,georgia
380,Clinch,6742,georgia
381,Cobb,748178,georgia
382,Coffee,42908,georgia
383,Colquitt,45429,georgia
384,Columbia,147370,georgia
385,Cook,17162,georgia
386,Coweta,140497,georgia
387,Crawford,12268,georgia
388,Crisp,22905,georgia
389,Dade,16224,georgia
390,Dawson,23668,georgia
391,Decatur,26679,georgia
392,DeKalb,746802,georgia
393,Dodge,20854,georgia
394,Dooly,13853,georgia
395,Dougherty,90389,georgia
396,Douglas,141664,georgia
397,Early,10306,georgia
398,Echols,3956,georgia
399,Effingham,58699,georgia
400,Elbert,19136,georgia
401,Emanuel,22406,georgia
402,Evans,10648,georgia
403,Fannin,25032,georgia
404,Fayette,111218,georgia
405,Floyd,96698,georgia
406,Forsyth,220481,georgia
407,Franklin,22316,georgia
408,Fulton,1022866,georgia
409,Gilmer,29911,georgia
410,Glascock,2978,georgia
411,Glynn,84099,georgia
412,Gordon,56933,georgia
413,Grady,24869,georgia
414,Greene,16869,georgia
415,Gwinnett,904962,georgia
416,Habersham,44104,georgia
417,Hall,196159,georgia
418,Hancock,8633,georgia
419,Haralson,28830,georgia
420,Harris,33633,georgia
421,Hart,25471,georgia
422,Heard,11579,georgia
423,Henry,220896,georgia
424,Houston,151622,georgia
425,Irwin,9302,georgia
426,Jackson,65061,georgia
427,Jasper,13767,georgia
428,Jeff Davis,14965,georgia
429,Jefferson,15755,georgia
430,Jenkins,8812,georgia
431,Johnson,9660,georgia
432,Jones,28574,georgia
433,Lamar,18484,georgia
434,Lanier,10430,georgia
435,Laurens,47279,georgia
436,Lee,29184,georgia
437,Liberty,61473,georgia
438,Lincoln,7855,georgia
439,Long,18372,georgia
440,Lowndes,114360,georgia
441,Lumpkin,31415,georgia
442,McDuffie,21456,georgia
443,McIntosh,14057,georgia
444,Macon,13478,georgia
445,Madison,28856,georgia
446,Marion,8468,georgia
447,Meriwether,21074,georgia
448,Miller,5874,georgia
449,Mitchell,22455,georgia
450,Monroe,26905,georgia
451,Montgomery,8985,georgia
452,Morgan,18107,georgia
453,Murray,39347,georgia
454,Muscogee,196219,georgia
455,Newton,106499,georgia
456,Oconee,36929,georgia
457,Oglethorpe,14712,georgia
458,Paulding,155246,georgia
459,Peach,26885,georgia
460,Pickens,30652,georgia
461,Pierce,19104,georgia
462,Pike,17897,georgia
463,Polk,41555,georgia
464,Pulaski,11288,georgia
465,Putnam,21515,georgia
466,Quitman,2320,georgia
467,Rabun,16465,georgia
468,Randolph,7155,georgia
469,Richmond,201949,georgia
470,Rockdale,88987,georgia
471,Schley,5173,georgia
472,Screven,14003,georgia
473,Seminole,8427,georgia
474,Spalding,64546,georgia
475,Stephens,25637,georgia
476,Stewart,6122,georgia
477,Sumter,30403,georgia
478,Talbot,6366,georgia
479,Taliaferro,1611,georgia
480,Tattnall,25342,georgia
481,Taylor,8189,georgia
482,Telfair,15962,georgia
483,Terrell,8861,georgia
484,Thomas,44950,georgia
485,Tift,40554,georgia
486,Toombs,27121,georgia
487,Towns,11419,georgia
488,Treutlen,6710,georgia
489,Troup,69939,georgia
490,Turner,7944,georgia
491,Twiggs,8249,georgia
492,Union,22640,georgia
493,Upson,26245,georgia
494,Walker,68455,georgia
495,Walton,89786,georgia
496,Ware,35648,georgia
497,Warren,5345,georgia
498,Washington,20347,georgia
499,Wayne,29974,georgia
500,Webster,2616,georgia
501,Wheeler,8015,georgia
502,White,28828,georgia
503,Whitfield,104406,georgia
504,Wilcox,8841,georgia
505,Wilkes,9809,georgia
506,Wilkinson,9020,georgia
507,Worth,20703,georgia
508,Hawaii,198316,hawaii
509,Honolulu,992268,hawaii
510,Kalawao,88,hawaii
511,Kauai,71537,hawaii
512,Maui,165350,hawaii
513,Ada,444486,idaho
514,Adams,3941,idaho
515,Bannock,84676,idaho
516,Bear Lake,5927,idaho
517,Benewah,9021,idaho
518,Bingham,45315,idaho
519,Blaine,22062,idaho
520,Boise,7095,idaho
521,Bonner,42357,idaho
522,Bonneville,112118,idaho
523,Boundary,11701,idaho
524,Butte,2572,idaho
525,Camas,1082,idaho
526,Canyon,211381,idaho
527,Caribou,6867,idaho
528,Cassia,23479,idaho
529,Clark,870,idaho
530,Clearwater,8651,idaho
531,Custer,4084,idaho
532,Elmore,26137,idaho
533,Franklin,13320,idaho
534,Fremont,12914,idaho
535,Gem,16959,idaho
536,Gooding,15135,idaho
537,Idaho,16236,idaho
538,Jefferson,27830,idaho
539,Jerome,23433,idaho
540,Kootenai,153019,idaho
541,Latah,39050,idaho
542,Lemhi,7709,idaho
543,Lewis,3846,idaho
544,Lincoln,5303,idaho
545,Madison,38972,idaho
546,Minidoka,20613,idaho
547,Nez Perce,40136,idaho
548,Oneida,4296,idaho
549,Owyhee,11364,idaho
550,Payette,22888,idaho
551,Power,7681,idaho
552,Shoshone,12416,idaho
553,Teton,11165,idaho
554,Twin Falls,83819,idaho
555,Valley,10422,idaho
556,Washington,10032,idaho
557,Adams,66475,illinois
558,Alexander,6459,illinois
559,Bond,16546,illinois
560,Boone,53570,illinois
561,Brown,6637,illinois
562,Bureau,33396,illinois
563,Calhoun,4869,illinois
564,Carroll,14596,illinois
565,Cass,12672,illinois
566,Champaign,210198,illinois
567,Christian,33230,illinois
568,Clark,15857,illinois
569,Clay,13314,illinois
570,Clinton,37599,illinois
571,Coles,51783,illinois
572,Cook,5224272,illinois
573,Crawford,19133,illinois
574,Cumberland,10868,illinois
575,DeKalb,104080,illinois
576,De Witt,16137,illinois
577,Douglas,19727,illinois
578,DuPage,931256,illinois
579,Edgar,17519,illinois
580,Edwards,6536,illinois
581,Effingham,34170,illinois
582,Fayette,21570,illinois
583,Ford,13352,illinois
584,Franklin,39075,illinois
585,Fulton,35473,illinois
586,Gallatin,5157,illinois
587,Greene,13123,illinois
588,Grundy,50317,illinois
589,Hamilton,8186,illinois
590,Hancock,18205,illinois
591,Hardin,3991,illinois
592,Henderson,6886,illinois
593,Henry,49498,illinois
594,Iroquois,28163,illinois
595,Jackson,58726,illinois
596,Jasper,9583,illinois
597,Jefferson,38214,illinois
598,Jersey,21947,illinois
599,Jo Daviess,21814,illinois
600,Johnson,12454,illinois
601,Kane,530726,illinois
602,Kankakee,111080,illinois
603,Kendall,124535,illinois
604,Knox,50917,illinois
605,Lake,704158,illinois
606,LaSalle,110215,illinois
607,Lawrence,16182,illinois
608,Lee,34494,illinois
609,Livingston,36107,illinois
610,Logan,29166,illinois
611,McDonough,30907,illinois
612,McHenry,307159,illinois
613,McLean,173070,illinois
614,Macon,106383,illinois
615,Macoupin,45691,illinois
616,Madison,265641,illinois
617,Marion,38045,illinois
618,Marshall,11881,illinois
619,Mason,13675,illinois
620,Massac,14440,illinois
621,Menard,12398,illinois
622,Mercer,15602,illinois
623,Monroe,33913,illinois
624,Montgomery,29061,illinois
625,Morgan,34632,illinois
626,Moultrie,14610,illinois
627,Ogle,51148,illinois
628,Peoria,185043,illinois
629,Perry,21391,illinois
630,Piatt,16524,illinois
631,Pike,15742,illinois
632,Pope,4182,illinois
633,Pulaski,5604,illinois
634,Putnam,5710,illinois
635,Randolph,32414,illinois
636,Richland,15829,illinois
637,Rock Island,144943,illinois
638,St. Clair,263187,illinois
639,Saline,24230,illinois
640,Sangamon,198026,illinois
641,Schuyler,7030,illinois
642,Scott,5052,illinois
643,Shelby,21733,illinois
644,Stark,5512,illinois
645,Stephenson,45503,illinois
646,Tazewell,133932,illinois
647,Union,17105,illinois
648,Vermilion,78494,illinois
649,Wabash,11542,illinois
650,Warren,17294,illinois
651,Washington,14179,illinois
652,Wayne,16542,illinois
653,White,14079,illinois
654,Whiteside,56476,illinois
655,Will,688328,illinois
656,Williamson,67454,illinois
657,Winnebago,286065,illinois
658,Woodford,38913,illinois
659,Adams,35178,indiana
660,Allen,369412,indiana
661,Bartholomew,82231,indiana
662,Benton,8658,indiana
663,Blackford,12115,indiana
664,Boone,64192,indiana
665,Brown,14996,indiana
666,Carroll,19973,indiana
667,Cass,37905,indiana
668,Clark,115588,indiana
669,Clay,26210,indiana
670,Clinton,32207,indiana
671,Crawford,10583,indiana
672,Daviess,33010,indiana
673,Dearborn,49436,indiana
674,Decatur,26565,indiana
675,DeKalb,42652,indiana
676,Delaware,115657,indiana
677,Dubois,42450,indiana
678,Elkhart,203642,indiana
679,Fayette,23252,indiana
680,Floyd,76734,indiana
681,Fountain,16457,indiana
682,Franklin,22770,indiana
683,Fulton,20118,indiana
684,Gibson,33644,indiana
685,Grant,66669,indiana
686,Greene,32228,indiana
687,Hamilton,315902,indiana
688,Hancock,73765,indiana
689,Harrison,39661,indiana
690,Hendricks,160376,indiana
691,Henry,48345,indiana
692,Howard,82304,indiana
693,Huntington,36294,indiana
694,Jackson,43997,indiana
695,Jasper,33405,indiana
696,Jay,21017,indiana
697,Jefferson,32230,indiana
698,Jennings,27648,indiana
699,Johnson,151540,indiana
700,Knox,37333,indiana
701,Kosciusko,78732,indiana
702,LaGrange,39113,indiana
703,Lake,486092,indiana
704,LaPorte,110222,indiana
705,Lawrence,45578,indiana
706,Madison,129329,indiana
707,Marion,945685,indiana
708,Marshall,46586,indiana
709,Martin,10190,indiana
710,Miami,36043,indiana
711,Monroe,145757,indiana
712,Montgomery,38238,indiana
713,Morgan,69633,indiana
714,Newton,13992,indiana
715,Noble,47398,indiana
716,Ohio,5885,indiana
717,Orange,19473,indiana
718,Owen,20898,indiana
719,Parke,16938,indiana
720,Perry,18978,indiana
721,Pike,12391,indiana
722,Porter,167475,indiana
723,Posey,25639,indiana
724,Pulaski,12618,indiana
725,Putnam,37113,indiana
726,Randolph,25112,indiana
727,Ripley,28381,indiana
728,Rush,16639,indiana
729,St. Joseph,269862,indiana
730,Scott,23687,indiana
731,Shelby,44229,indiana
732,Spencer,20491,indiana
733,Starke,23019,indiana
734,Steuben,34329,indiana
735,Sullivan,20710,indiana
736,Switzerland,10641,indiana
737,Tippecanoe,190292,indiana
738,Tipton,15163,indiana
739,Union,7139,indiana
740,Vanderburgh,181427,indiana
741,Vermillion,15593,indiana
742,Vigo,107790,indiana
743,Wabash,31513,indiana
744,Warren,8165,indiana
745,Warrick,62005,indiana
746,Washington,27728,indiana
747,Wayne,66630,indiana
748,Wells,27865,indiana
749,White,24074,indiana
750,Whitley,33475,indiana
751,Adair,7005,iowa
752,Adams,3692,iowa
753,Allamakee,13851,iowa
754,Appanoose,12505,iowa
755,Audubon,5626,iowa
756,Benton,25644,iowa
757,Black Hawk,133077,iowa
758,Boone,26416,iowa
759,Bremer,24747,iowa
760,Buchanan,21007,iowa
761,Buena Vista,20325,iowa
762,Butler,14702,iowa
763,Calhoun,9811,iowa
764,Carroll,20388,iowa
765,Cass,13176,iowa
766,Cedar,18348,iowa
767,Cerro Gordo,43096,iowa
768,Cherokee,11394,iowa
769,Chickasaw,12094,iowa
770,Clarke,9288,iowa
771,Clay,16295,iowa
772,Clayton,17661,iowa
773,Clinton,47248,iowa
774,Crawford,17103,iowa
775,Dallas,84248,iowa
776,Davis,8884,iowa
777,Decatur,8053,iowa
778,Delaware,17288,iowa
779,Des Moines,39613,iowa
780,Dickinson,17109,iowa
781,Dubuque,96763,iowa
782,Emmet,9581,iowa
783,Fayette,19858,iowa
784,Floyd,15857,iowa
785,Franklin,10177,iowa
786,Fremont,6947,iowa
787,Greene,9001,iowa
788,Grundy,12286,iowa
789,Guthrie,10642,iowa
790,Hamilton,15075,iowa
791,Hancock,10887,iowa
792,Hardin,17196,iowa
793,Harrison,14046,iowa
794,Henry,19833,iowa
795,Howard,9257,iowa
796,Humboldt,9530,iowa
797,Ida,6961,iowa
798,Iowa,16192,iowa
799,Jackson,19393,iowa
800,Jasper,36736,iowa
801,Jefferson,18063,iowa
802,Johnson,146928,iowa
803,Jones,20392,iowa
804,Keokuk,10170,iowa
805,Kossuth,15104,iowa
806,Lee,34458,iowa
807,Linn,222188,iowa
808,Louisa,11221,iowa
809,Lucas,8555,iowa
810,Lyon,11780,iowa
811,Madison,15796,iowa
812,Mahaska,22186,iowa
813,Marion,33146,iowa
814,Marshall,40135,iowa
815,Mills,15053,iowa
816,Mitchell,10644,iowa
817,Monona,8786,iowa
818,Monroe,7836,iowa
819,Montgomery,10124,iowa
820,Muscatine,42968,iowa
821,O'Brien,13926,iowa
822,Osceola,6095,iowa
823,Page,15329,iowa
824,Palo Alto,9034,iowa
825,Plymouth,25180,iowa
826,Pocahontas,6854,iowa
827,Polk,474277,iowa
828,Pottawattamie,93518,iowa
829,Poweshiek,18279,iowa
830,Ringgold,4985,iowa
831,Sac,9816,iowa
832,Scott,172135,iowa
833,Shelby,11655,iowa
834,Sioux,34944,iowa
835,Story,96893,iowa
836,Tama,17192,iowa
837,Taylor,6213,iowa
838,Union,12360,iowa
839,Van Buren,7241,iowa
840,Wapello,35265,iowa
841,Warren,49356,iowa
842,Washington,22126,iowa
843,Wayne,6447,iowa
844,Webster,36781,iowa
845,Winnebago,10602,iowa
846,Winneshiek,20427,iowa
847,Woodbury,102686,iowa
848,Worth,7471,iowa
849,Wright,12839,iowa
850,Allen,12670,kansas
851,Anderson,7812,kansas
852,Atchison,16376,kansas
853,Barber,4673,kansas
854,Barton,26878,kansas
855,Bourbon,14624,kansas
856,Brown,9641,kansas
857,Butler,66652,kansas
858,Chase,2632,kansas
859,Chautauqua,3360,kansas
860,Cherokee,20256,kansas
861,Cheyenne,2667,kansas
862,Clark,2065,kansas
863,Clay,8105,kansas
864,Cloud,9070,kansas
865,Coffey,8339,kansas
866,Comanche,1838,kansas
867,Cowley,35650,kansas
868,Crawford,39046,kansas
869,Decatur,2828,kansas
870,Dickinson,18956,kansas
871,Doniphan,7718,kansas
872,Douglas,119662,kansas
873,Edwards,2899,kansas
874,Elk,2511,kansas
875,Ellis,28942,kansas
876,Ellsworth,6302,kansas
877,Finney,36885,kansas
878,Ford,34552,kansas
879,Franklin,25523,kansas
880,Geary,35223,kansas
881,Gove,2622,kansas
882,Graham,2562,kansas
883,Grant,7675,kansas
884,Gray,6031,kansas
885,Greeley,1277,kansas
886,Greenwood,6112,kansas
887,Hamilton,2634,kansas
888,Harper,5667,kansas
889,Harvey,34726,kansas
890,Haskell,4026,kansas
891,Hodgeman,1851,kansas
892,Jackson,13270,kansas
893,Jefferson,18824,kansas
894,Jewell,2880,kansas
895,Johnson,586015,kansas
896,Kearny,3890,kansas
897,Kingman,7417,kansas
898,Kiowa,2507,kansas
899,Labette,20313,kansas
900,Lane,1593,kansas
901,Leavenworth,80244,kansas
902,Lincoln,3077,kansas
903,Linn,9606,kansas
904,Logan,2818,kansas
905,Lyon,33369,kansas
906,McPherson,28429,kansas
907,Marion,12017,kansas
908,Marshall,9789,kansas
909,Meade,4236,kansas
910,Miami,32923,kansas
911,Mitchell,6207,kansas
912,Montgomery,32859,kansas
913,Morris,5558,kansas
914,Morton,2790,kansas
915,Nemaha,10089,kansas
916,Neosho,16127,kansas
917,Ness,2957,kansas
918,Norton,5491,kansas
919,Osage,15811,kansas
920,Osborne,3588,kansas
921,Ottawa,5905,kansas
922,Pawnee,6719,kansas
923,Phillips,5402,kansas
924,Pottawatomie,23605,kansas
925,Pratt,9557,kansas
926,Rawlins,2500,kansas
927,Reno,63184,kansas
928,Republic,4659,kansas
929,Rice,9782,kansas
930,Riley,75172,kansas
931,Rooks,5118,kansas
932,Rush,3054,kansas
933,Russell,7007,kansas
934,Saline,54955,kansas
935,Scott,4979,kansas
936,Sedgwick,513092,kansas
937,Seward,22897,kansas
938,Shawnee,178350,kansas
939,Sheridan,2485,kansas
940,Sherman,5955,kansas
941,Smith,3656,kansas
942,Stafford,4186,kansas
943,Stanton,2105,kansas
944,Stevens,5653,kansas
945,Sumner,23183,kansas
946,Thomas,7847,kansas
947,Trego,2852,kansas
948,Wabaunsee,6884,kansas
949,Wallace,1502,kansas
950,Washington,5564,kansas
951,Wichita,2131,kansas
952,Wilson,8698,kansas
953,Woodson,3189,kansas
954,Wyandotte,164785,kansas
955,Adair,19259,kentucky
956,Allen,20721,kentucky
957,Anderson,22191,kentucky
958,Ballard,8046,kentucky
959,Barren,43763,kentucky
960,Bath,12246,kentucky
961,Bell,27204,kentucky
962,Boone,129503,kentucky
963,Bourbon,20130,kentucky
964,Boyd,48121,kentucky
965,Boyle,29965,kentucky
966,Bracken,8368,kentucky
967,Breathitt,13177,kentucky
968,Breckinridge,19982,kentucky
969,Bullitt,79222,kentucky
970,Butler,12686,kentucky
971,Caldwell,12634,kentucky
972,Calloway,38733,kentucky
973,Campbell,92257,kentucky
974,Carlisle,4783,kentucky
975,Carroll,10614,kentucky
976,Carter,27304,kentucky
977,Casey,15775,kentucky
978,Christian,71796,kentucky
979,Clark,35851,kentucky
980,Clay,20626,kentucky
981,Clinton,10200,kentucky
982,Crittenden,9131,kentucky
983,Cumberland,6731,kentucky
984,Daviess,100032,kentucky
985,Edmonson,12076,kentucky
986,Elliott,7491,kentucky
987,Estill,14315,kentucky
988,Fayette,319644,kentucky
989,Fleming,14481,kentucky
990,Floyd,36968,kentucky
991,Franklin,50292,kentucky
992,Fulton,6185,kentucky
993,Gallatin,8719,kentucky
994,Garrard,17382,kentucky
995,Grant,24910,kentucky
996,Graves,37217,kentucky
997,Grayson,26093,kentucky
998,Green,10969,kentucky
999,Greenup,35824,kentucky
1000,Hancock,8723,kentucky
1001,Hardin,106964,kentucky
1002,Harlan,26996,kentucky
1003,Harrison,18569,kentucky
1004,Hart,18541,kentucky
1005,Henderson,46212,kentucky
1006,Henry,15834,kentucky
1007,Hickman,4607,kentucky
1008,Hopkins,45598,kentucky
1009,Jackson,13364,kentucky
1010,Jefferson,767464,kentucky
1011,Jessamine,52219,kentucky
1012,Johnson,22858,kentucky
1013,Kenton,164962,kentucky
1014,Knott,15492,kentucky
1015,Knox,31471,kentucky
1016,Larue,14018,kentucky
1017,Laurel,60078,kentucky
1018,Lawrence,15839,kentucky
1019,Lee,6604,kentucky
1020,Leslie,10431,kentucky
1021,Letcher,22759,kentucky
1022,Lewis,13516,kentucky
1023,Lincoln,24382,kentucky
1024,Livingston,9198,kentucky
1025,Logan,26678,kentucky
1026,Lyon,8238,kentucky
1027,McCracken,65304,kentucky
1028,McCreary,17548,kentucky
1029,McLean,9337,kentucky
1030,Madison,89532,kentucky
1031,Magoffin,12668,kentucky
1032,Marion,19135,kentucky
1033,Marshall,31280,kentucky
1034,Martin,11945,kentucky
1035,Mason,17167,kentucky
1036,Meade,27959,kentucky
1037,Menifee,6449,kentucky
1038,Mercer,21405,kentucky
1039,Metcalfe,10020,kentucky
1040,Monroe,10539,kentucky
1041,Montgomery,27666,kentucky
1042,Morgan,13260,kentucky
1043,Muhlenberg,31150,kentucky
1044,Nelson,45497,kentucky
1045,Nicholas,7083,kentucky
1046,Ohio,24158,kentucky
1047,Oldham,65410,kentucky
1048,Owen,10668,kentucky
1049,Owsley,4472,kentucky
1050,Pendleton,14595,kentucky
1051,Perry,27197,kentucky
1052,Pike,60431,kentucky
1053,Powell,12266,kentucky
1054,Pulaski,64013,kentucky
1055,Robertson,2125,kentucky
1056,Rockcastle,16872,kentucky
1057,Rowan,24416,kentucky
1058,Russell,17769,kentucky
1059,Scott,53425,kentucky
1060,Shelby,46548,kentucky
1061,Simpson,17992,kentucky
1062,Spencer,18336,kentucky
1063,Taylor,25441,kentucky
1064,Todd,12357,kentucky
1065,Trigg,14302,kentucky
1066,Trimble,8596,kentucky
1067,Union,14765,kentucky
1068,Warren,126419,kentucky
1069,Washington,12109,kentucky
1070,Wayne,20728,kentucky
1071,Webster,13181,kentucky
1072,Whitley,36108,kentucky
1073,Wolfe,7189,kentucky
1074,Woodford,26118,kentucky
1075,"Acadia Parish, Louisiana",62786,louisiana
1076,"Allen Parish, Louisiana",25680,louisiana
1077,"Ascension Parish, Louisiana",121558,louisiana
1078,"Assumption Parish, Louisiana",22756,louisiana
1079,"Avoyelles Parish, Louisiana",40983,louisiana
1080,"Beauregard Parish, Louisiana",36973,louisiana
1081,"Bienville Parish, Louisiana",13780,louisiana
1082,"Bossier Parish, Louisiana",125920,louisiana
1083,"Caddo Parish, Louisiana",248837,louisiana
1084,"Calcasieu Parish, Louisiana",200568,louisiana
1085,"Caldwell Parish, Louisiana",10074,louisiana
1086,"Cameron Parish, Louisiana",6896,louisiana
1087,"Catahoula Parish, Louisiana",9869,louisiana
1088,"Claiborne Parish, Louisiana",16146,louisiana
1089,"Concordia Parish, Louisiana",19970,louisiana
1090,"De Soto Parish, Louisiana",27190,louisiana
1091,"East Baton Rouge Parish, Louisiana",446677,louisiana
1092,"East Carroll Parish, Louisiana",7235,louisiana
1093,"East Feliciana Parish, Louisiana",19513,louisiana
1094,"Evangeline Parish, Louisiana",33667,louisiana
1095,"Franklin Parish, Louisiana",20370,louisiana
1096,"Grant Parish, Louisiana",22279,louisiana
1097,"Iberia Parish, Louisiana",72971,louisiana
1098,"Iberville Parish, Louisiana",32864,louisiana
1099,"Jackson Parish, Louisiana",15895,louisiana
1100,"Jefferson Parish, Louisiana",436572,louisiana
1101,"Jefferson Davis Parish, Louisiana",31388,louisiana
1102,"Lafayette Parish, Louisiana",241275,louisiana
1103,"Lafourche Parish, Louisiana",98506,louisiana
1104,"LaSalle Parish, Louisiana",15022,louisiana
1105,"Lincoln Parish, Louisiana",47473,louisiana
1106,"Livingston Parish, Louisiana",139627,louisiana
1107,"Madison Parish, Louisiana",11486,louisiana
1108,"Morehouse Parish, Louisiana",25894,louisiana
1109,"Natchitoches Parish, Louisiana",39024,louisiana
1110,"Orleans Parish, Louisiana",391843,louisiana
1111,"Ouachita Parish, Louisiana",156897,louisiana
1112,"Plaquemines Parish, Louisiana",23323,louisiana
1113,"Pointe Coupee Parish, Louisiana",22111,louisiana
1114,"Rapides Parish, Louisiana",131845,louisiana
1115,"Red River Parish, Louisiana",8621,louisiana
1116,"Richland Parish, Louisiana",20446,louisiana
1117,"Sabine Parish, Louisiana",24055,louisiana
1118,"St. Bernard Parish, Louisiana",45777,louisiana
1119,"St. Charles Parish, Louisiana",52796,louisiana
1120,"St. Helena Parish, Louisiana",10389,louisiana
1121,"St. James Parish, Louisiana",21433,louisiana
1122,"St. John the Baptist Parish, Louisiana",43401,louisiana
1123,"St. Landry Parish, Louisiana",83768,louisiana
1124,"St. Martin Parish, Louisiana",53771,louisiana
1125,"St. Mary Parish, Louisiana",52069,louisiana
1126,"St. Tammany Parish, Louisiana",252468,louisiana
1127,"Tangipahoa Parish, Louisiana",130619,louisiana
1128,"Tensas Parish, Louisiana",4656,louisiana
1129,"Terrebonne Parish, Louisiana",113006,louisiana
1130,"Union Parish, Louisiana",22528,louisiana
1131,"Vermilion Parish, Louisiana",60074,louisiana
1132,"Vernon Parish, Louisiana",51481,louisiana
1133,"Washington Parish, Louisiana",46387,louisiana
1134,"Webster Parish, Louisiana",39751,louisiana
1135,"West Baton Rouge Parish, Louisiana",25901,louisiana
1136,"West Carroll Parish, Louisiana",11136,louisiana
1137,"West Feliciana Parish, Louisiana",15327,louisiana
1138,"Winn Parish, Louisiana",14532,louisiana
1139,Allegany,72053,maryland
1140,Anne Arundel,567254,maryland
1141,Baltimore,828682,maryland
1142,Calvert,91052,maryland
1143,Caroline,32840,maryland
1144,Carroll,167100,maryland
1145,Cecil,102487,maryland
1146,Charles,157292,maryland
1147,Dorchester,32276,maryland
1148,Frederick,246999,maryland
1149,Garrett,29358,maryland
1150,Harford,250370,maryland
1151,Howard,315416,maryland
1152,Kent,19666,maryland
1153,Montgomery,1038846,maryland
1154,Prince George's,908501,maryland
1155,Queen Anne's,49063,maryland
1156,St. Mary's,111750,maryland
1157,Somerset,25839,maryland
1158,Talbot,37135,maryland
1159,Washington,149602,maryland
1160,Wicomico,102041,maryland
1161,Worcester,51475,maryland
1162,"Baltimore city, Maryland",616226,maryland
1163,Alcona,10360,michigan
1164,Alger,9129,michigan
1165,Allegan,114979,michigan
1166,Alpena,28663,michigan
1167,Antrim,23079,michigan
1168,Arenac,15138,michigan
1169,Baraga,8546,michigan
1170,Barry,59810,michigan
1171,Bay,104411,michigan
1172,Benzie,17534,michigan
1173,Berrien,154325,michigan
1174,Branch,43466,michigan
1175,Calhoun,134344,michigan
1176,Cass,51282,michigan
1177,Charlevoix,26190,michigan
1178,Cheboygan,25455,michigan
1179,Chippewa,37683,michigan
1180,Clare,30387,michigan
1181,Clinton,77617,michigan
1182,Crawford,13768,michigan
1183,Delta,36196,michigan
1184,Dickinson,25499,michigan
1185,Eaton,109183,michigan
1186,Emmet,32875,michigan
1187,Genesee,408926,michigan
1188,Gladwin,25154,michigan
1189,Gogebic,15340,michigan
1190,Grand Traverse,91957,michigan
1191,Gratiot,40955,michigan
1192,Hillsdale,45773,michigan
1193,Houghton,36299,michigan
1194,Huron,31486,michigan
1195,Ingham,289804,michigan
1196,Ionia,64187,michigan
1197,Iosco,25284,michigan
1198,Iron,11167,michigan
1199,Isabella,71263,michigan
1200,Jackson,158277,michigan
1201,Kalamazoo,261304,michigan
1202,Kalkaska,17263,michigan
1203,Kent,643858,michigan
1204,Keweenaw,2139,michigan
1205,Lake,11853,michigan
1206,Lapeer,88171,michigan
1207,Leelanau,21507,michigan
1208,Lenawee,98496,michigan
1209,Livingston,188547,michigan
1210,Luce,6335,michigan
1211,Mackinac,10724,michigan
1212,Macomb,868534,michigan
1213,Manistee,24424,michigan
1214,Marquette,66532,michigan
1215,Mason,28810,michigan
1216,Mecosta,43141,michigan
1217,Menominee,23208,michigan
1218,Midland,83422,michigan
1219,Missaukee,15018,michigan
1220,Monroe,149159,michigan
1221,Montcalm,62953,michigan
1222,Montmorency,9203,michigan
1223,Muskegon,173227,michigan
1224,Newaygo,47811,michigan
1225,Oakland,1251027,michigan
1226,Oceana,26311,michigan
1227,Ogemaw,20850,michigan
1228,Ontonagon,5939,michigan
1229,Osceola,23170,michigan
1230,Oscoda,8259,michigan
1231,Otsego,24408,michigan
1232,Ottawa,283712,michigan
1233,Presque Isle,12735,michigan
1234,Roscommon,23779,michigan
1235,Saginaw,192507,michigan
1236,St. Clair,159369,michigan
1237,St. Joseph,60790,michigan
1238,Sanilac,41405,michigan
1239,Schoolcraft,7967,michigan
1240,Shiawassee,68542,michigan
1241,Tuscola,53276,michigan
1242,Van Buren,75267,michigan
1243,Washtenaw,366135,michigan
1244,Wayne,1760612,michigan
1245,Wexford,33081,michigan
1246,Aitkin,15754,minnesota
1247,Anoka,346526,minnesota
1248,Becker,33718,minnesota
1249,Beltrami,46008,minnesota
1250,Benton,39687,minnesota
1251,Big Stone,5002,minnesota
1252,Blue Earth,66355,minnesota
1253,Brown,25272,minnesota
1254,Carlton,35555,minnesota
1255,Carver,100374,minnesota
1256,Cass,29030,minnesota
1257,Chippewa,12036,minnesota
1258,Chisago,54638,minnesota
1259,Clay,63055,minnesota
1260,Clearwater,8831,minnesota
1261,Cook,5338,minnesota
1262,Cottonwood,11367,minnesota
1263,Crow Wing,63729,minnesota
1264,Dakota,417555,minnesota
1265,Dodge,20540,minnesota
1266,Douglas,37154,minnesota
1267,Faribault,13867,minnesota
1268,Fillmore,20916,minnesota
1269,Freeborn,30449,minnesota
1270,Goodhue,46226,minnesota
1271,Grant,5930,minnesota
1272,Hennepin,1235371,minnesota
1273,Houston,18703,minnesota
1274,Hubbard,20701,minnesota
1275,Isanti,38778,minnesota
1276,Itasca,45168,minnesota
1277,Jackson,9968,minnesota
1278,Kanabec,15912,minnesota
1279,Kandiyohi,42697,minnesota
1280,Kittson,4320,minnesota
1281,Koochiching,12610,minnesota
1282,Lac qui Parle,6746,minnesota
1283,Lake,10514,minnesota
1284,Lake of the Woods,3781,minnesota
1285,Le Sueur,27772,minnesota
1286,Lincoln,5703,minnesota
1287,Lyon,25971,minnesota
1288,McLeod,35749,minnesota
1289,Mahnomen,5484,minnesota
1290,Marshall,9369,minnesota
1291,Martin,19904,minnesota
1292,Meeker,23064,minnesota
1293,Mille Lacs,25594,minnesota
1294,Morrison,32918,minnesota
1295,Mower,39567,minnesota
1296,Murray,8305,minnesota
1297,Nicollet,33720,minnesota
1298,Nobles,21878,minnesota
1299,Norman,6534,minnesota
1300,Olmsted,153272,minnesota
1301,Otter Tail,57820,minnesota
1302,Pennington,14206,minnesota
1303,Pine,28866,minnesota
1304,Pipestone,9248,minnesota
1305,Polk,31698,minnesota
1306,Pope,10970,minnesota
1307,Ramsey,541502,minnesota
1308,Red Lake,3987,minnesota
1309,Redwood,15216,minnesota
1310,Renville,14613,minnesota
1311,Rice,65868,minnesota
1312,Rock,9392,minnesota
1313,Roseau,15557,minnesota
1314,St. Louis,199967,minnesota
1315,Scott,143309,minnesota
1316,Sherburne,93228,minnesota
1317,Sibley,14812,minnesota
1318,Stearns,157225,minnesota
1319,Steele,36644,minnesota
1320,Stevens,9810,minnesota
1321,Swift,9442,minnesota
1322,Todd,24381,minnesota
1323,Traverse,3330,minnesota
1324,Wabasha,21435,minnesota
1325,Wadena,13550,minnesota
1326,Waseca,18783,minnesota
1327,Washington,252502,minnesota
1328,Watonwan,11002,minnesota
1329,Wilkin,6323,minnesota
1330,Winona,50861,minnesota
1331,Wright,132324,minnesota
1332,Yellow Medicine,9888,minnesota
1333,Adams,31569,mississippi
1334,Alcorn,37246,mississippi
1335,Amite,12433,mississippi
1336,Attala,18551,mississippi
1337,Benton,8247,mississippi
1338,Bolivar,32549,mississippi
1339,Calhoun,14553,mississippi
1340,Carroll,10186,mississippi
1341,Chickasaw,17224,mississippi
1342,Choctaw,8299,mississippi
1343,Claiborne,9152,mississippi
1344,Clarke,15896,mississippi
1345,Clay,19854,mississippi
1346,Coahoma,23834,mississippi
1347,Copiah,28647,mississippi
1348,Covington,19174,mississippi
1349,DeSoto,175721,mississippi
1350,Forrest,75564,mississippi
1351,Franklin,7709,mississippi
1352,George,23645,mississippi
1353,Greene,13566,mississippi
1354,Grenada,21219,mississippi
1355,Hancock,46643,mississippi
1356,Harrison,202504,mississippi
1357,Hinds,242176,mississippi
1358,Holmes,18017,mississippi
1359,Humphreys,8588,mississippi
1360,Issaquena,1326,mississippi
1361,Itawamba,23416,mississippi
1362,Jackson,141535,mississippi
1363,Jasper,16588,mississippi
1364,Jefferson,7312,mississippi
1365,Jefferson Davis,11436,mississippi
1366,Jones,68473,mississippi
1367,Kemper,10035,mississippi
1368,Lafayette,53476,mississippi
1369,Lamar,61364,mississippi
1370,Lauderdale,77376,mississippi
1371,Lawrence,12812,mississippi
1372,Leake,22789,mississippi
1373,Lee,84837,mississippi
1374,Leflore,29779,mississippi
1375,Lincoln,34375,mississippi
1376,Lowndes,59549,mississippi
1377,Madison,103852,mississippi
1378,Marion,25106,mississippi
1379,Marshall,35785,mississippi
1380,Monroe,35897,mississippi
1381,Montgomery,10235,mississippi
1382,Neshoba,29473,mississippi
1383,Newton,21461,mississippi
1384,Noxubee,10879,mississippi
1385,Oktibbeha,49534,mississippi
1386,Panola,34241,mississippi
1387,Pearl River,55037,mississippi
1388,Perry,12056,mississippi
1389,Pike,39592,mississippi
1390,Pontotoc,31470,mississippi
1391,Prentiss,25405,mississippi
1392,Quitman,7368,mississippi
1393,Rankin,151514,mississippi
1394,Scott,28351,mississippi
1395,Sharkey,4513,mississippi
1396,Simpson,26992,mississippi
1397,Smith,15949,mississippi
1398,Stone,18183,mississippi
1399,Sunflower,26493,mississippi
1400,Tallahatchie,14342,mississippi
1401,Tate,28306,mississippi
1402,Tippah,22063,mississippi
1403,Tishomingo,19442,mississippi
1404,Tunica,10139,mississippi
1405,Union,28308,mississippi
1406,Walthall,14556,mississippi
1407,Warren,46958,mississippi
1408,Washington,47183,mississippi
1409,Wayne,20460,mississippi
1410,Webster,9758,mississippi
1411,Wilkinson,9020,mississippi
1412,Winston,18340,mississippi
1413,Yalobusha,12461,mississippi
1414,Yazoo,27972,mississippi
1415,Adair,25244,missouri
1416,Andrew,17351,missouri
1417,Atchison,5281,missouri
1418,Audrain,25870,missouri
1419,Barry,35226,missouri
1420,Barton,11825,missouri
1421,Bates,16351,missouri
1422,Benton,18934,missouri
1423,Bollinger,12205,missouri
1424,Boone,176315,missouri
1425,Buchanan,89032,missouri
1426,Butler,42769,missouri
1427,Caldwell,9043,missouri
1428,Callaway,45069,missouri
1429,Camden,44906,missouri
1430,Cape Girardeau,78445,missouri
1431,Carroll,8844,missouri
1432,Carter,6210,missouri
1433,Cass,102622,missouri
1434,Cedar,13876,missouri
1435,Chariton,7501,missouri
1436,Christian,84184,missouri
1437,Clark,6739,missouri
1438,Clay,238583,missouri
1439,Clinton,20548,missouri
1440,Cole,76702,missouri
1441,Cooper,17702,missouri
1442,Crawford,24265,missouri
1443,Dade,7606,missouri
1444,Dallas,16381,missouri
1445,Daviess,8224,missouri
1446,DeKalb,12496,missouri
1447,Dent,15454,missouri
1448,Douglas,13353,missouri
1449,Dunklin,30562,missouri
1450,Franklin,102704,missouri
1451,Gasconade,14746,missouri
1452,Gentry,6624,missouri
1453,Greene,287818,missouri
1454,Grundy,10111,missouri
1455,Harrison,8579,missouri
1456,Henry,21625,missouri
1457,Hickory,9356,missouri
1458,Holt,4453,missouri
1459,Howard,10032,missouri
1460,Howell,40132,missouri
1461,Iron,10123,missouri
1462,Jackson,692430,missouri
1463,Jasper,119219,missouri
1464,Jefferson,223377,missouri
1465,Johnson,53497,missouri
1466,Knox,3933,missouri
1467,Laclede,35450,missouri
1468,Lafayette,32534,missouri
1469,Lawrence,38164,missouri
1470,Lewis,10072,missouri
1471,Lincoln,55146,missouri
1472,Linn,12146,missouri
1473,Livingston,15127,missouri
1474,McDonald,22705,missouri
1475,Macon,15164,missouri
1476,Madison,12213,missouri
1477,Maries,8821,missouri
1478,Marion,28689,missouri
1479,Mercer,3661,missouri
1480,Miller,24998,missouri
1481,Mississippi,13738,missouri
1482,Moniteau,15991,missouri
1483,Monroe,8633,missouri
1484,Montgomery,11447,missouri
1485,Morgan,20089,missouri
1486,New Madrid,17839,missouri
1487,Newton,58178,missouri
1488,Nodaway,22455,missouri
1489,Oregon,10746,missouri
1490,Osage,13613,missouri
1491,Ozark,9199,missouri
1492,Pemiscot,17060,missouri
1493,Perry,19216,missouri
1494,Pettis,42249,missouri
1495,Phelps,44708,missouri
1496,Pike,18507,missouri
1497,Platte,98641,missouri
1498,Polk,31380,missouri
1499,Pulaski,52456,missouri
1500,Putnam,4825,missouri
1501,Ralls,10230,missouri
1502,Randolph,24970,missouri
1503,Ray,22741,missouri
1504,Reynolds,6347,missouri
1505,Ripley,13775,missouri
1506,St. Charles,390541,missouri
1507,St. Clair,9288,missouri
1508,Ste. Genevieve,17875,missouri
1509,St. Francois,66356,missouri
1510,St. Louis,997837,missouri
1511,Saline,23095,missouri
1512,Schuyler,4501,missouri
1513,Scotland,4902,missouri
1514,Scott,38760,missouri
1515,Shannon,8222,missouri
1516,Shelby,6044,missouri
1517,Stoddard,29498,missouri
1518,Stone,31471,missouri
1519,Sullivan,6333,missouri
1520,Taney,54608,missouri
1521,Texas,25805,missouri
1522,Vernon,20653,missouri
1523,Warren,33871,missouri
1524,Washington,24852,missouri
1525,Wayne,13236,missouri
1526,Webster,38154,missouri
1527,Worth,2015,missouri
1528,Wright,18185,missouri
1529,"St. Louis city, Missouri",312633,missouri
1530,Beaverhead,9463,montana
1531,Big Horn,13458,montana
1532,Blaine,6716,montana
1533,Broadwater,5785,montana
1534,Carbon,10485,montana
1535,Carter,1175,montana
1536,Cascade,81562,montana
1537,Chouteau,5780,montana
1538,Custer,11843,montana
1539,Daniels,1731,montana
1540,Dawson,9263,montana
1541,Deer Lodge,9057,montana
1542,Fallon,3086,montana
1543,Fergus,11349,montana
1544,Flathead,97742,montana
1545,Gallatin,104739,montana
1546,Garfield,1299,montana
1547,Glacier,13711,montana
1548,Golden Valley,810,montana
1549,Granite,3286,montana
1550,Hill,16448,montana
1551,Jefferson,11779,montana
1552,Judith Basin,1940,montana
1553,Lake,29709,montana
1554,Lewis and Clark,66894,montana
1555,Liberty,2409,montana
1556,Lincoln,19294,montana
1557,McCone,1732,montana
1558,Madison,8062,montana
1559,Meagher,1845,montana
1560,Mineral,4124,montana
1561,Missoula,116349,montana
1562,Musselshell,4646,montana
1563,Park,16115,montana
1564,Petroleum,491,montana
1565,Phillips,4113,montana
1566,Pondera,6035,montana
1567,Powder River,1746,montana
1568,Powell,6841,montana
1569,Prairie,1159,montana
1570,Ravalli,41918,montana
1571,Richland,11408,montana
1572,Roosevelt,11225,montana
1573,Rosebud,9232,montana
1574,Sanders,11465,montana
1575,Sheridan,3608,montana
1576,Silver Bow,34696,montana
1577,Stillwater,9360,montana
1578,Sweet Grass,3616,montana
1579,Teton,6011,montana
1580,Toole,4951,montana
1581,Treasure,680,montana
1582,Valley,7532,montana
1583,Wheatland,2130,montana
1584,Wibaux,1042,montana
1585,Yellowstone,157914,montana
1586,Adams,31683,nebraska
1587,Antelope,6345,nebraska
1588,Arthur,466,nebraska
1589,Banner,716,nebraska
1590,Blaine,470,nebraska
1591,Boone,5333,nebraska
1592,Box Butte,11176,nebraska
1593,Boyd,1980,nebraska
1594,Brown,2980,nebraska
1595,Buffalo,49104,nebraska
1596,Burt,6537,nebraska
1597,Butler,7996,nebraska
1598,Cass,25647,nebraska
1599,Cedar,8604,nebraska
1600,Chase,3914,nebraska
1601,Cherry,5829,nebraska
1602,Cheyenne,10047,nebraska
1603,Clay,6135,nebraska
1604,Colfax,10712,nebraska
1605,Cuming,8957,nebraska
1606,Custer,10824,nebraska
1607,Dakota,20279,nebraska
1608,Dawes,8911,nebraska
1609,Dawson,23779,nebraska
1610,Deuel,1861,nebraska
1611,Dixon,5742,nebraska
1612,Dodge,36677,nebraska
1613,Douglas,555607,nebraska
1614,Dundy,1806,nebraska
1615,Fillmore,5622,nebraska
1616,Franklin,2994,nebraska
1617,Frontier,2645,nebraska
1618,Furnas,4762,nebraska
1619,Gage,21625,nebraska
1620,Garden,1907,nebraska
1621,Garfield,1994,nebraska
1622,Gosper,2025,nebraska
1623,Grant,665,nebraska
1624,Greeley,2400,nebraska
1625,Hall,61353,nebraska
1626,Hamilton,9158,nebraska
1627,Harlan,3451,nebraska
1628,Hayes,891,nebraska
1629,Hitchcock,2828,nebraska
1630,Holt,10223,nebraska
1631,Hooker,683,nebraska
1632,Howard,6407,nebraska
1633,Jefferson,7181,nebraska
1634,Johnson,5213,nebraska
1635,Kearney,6561,nebraska
1636,Keith,8096,nebraska
1637,Keya Paha,792,nebraska
1638,Kimball,3669,nebraska
1639,Knox,8484,nebraska
1640,Lancaster,310306,nebraska
1641,Lincoln,35487,nebraska
1642,Logan,792,nebraska
1643,Loup,616,nebraska
1644,McPherson,503,nebraska
1645,Madison,34979,nebraska
1646,Merrick,7838,nebraska
1647,Morrill,4867,nebraska
1648,Nance,3561,nebraska
1649,Nemaha,6973,nebraska
1650,Nuckolls,4274,nebraska
1651,Otoe,15950,nebraska
1652,Pawnee,2699,nebraska
1653,Perkins,2892,nebraska
1654,Phelps,9193,nebraska
1655,Pierce,7144,nebraska
1656,Platte,33008,nebraska
1657,Polk,5190,nebraska
1658,Red Willow,10767,nebraska
1659,Richardson,8004,nebraska
1660,Rock,1404,nebraska
1661,Saline,14228,nebraska
1662,Sarpy,178355,nebraska
1663,Saunders,20992,nebraska
1664,Scotts Bluff,36420,nebraska
1665,Seward,17103,nebraska
1666,Sheridan,5235,nebraska
1667,Sherman,3012,nebraska
1668,Sioux,1259,nebraska
1669,Stanton,5975,nebraska
1670,Thayer,5080,nebraska
1671,Thomas,722,nebraska
1672,Thurston,7139,nebraska
1673,Valley,4201,nebraska
1674,Washington,20213,nebraska
1675,Wayne,9379,nebraska
1676,Webster,3566,nebraska
1677,Wheeler,804,nebraska
1678,York,13740,nebraska
1679,Churchill,23904,nevada
1680,Clark,2138836,nevada
1681,Douglas,47834,nevada
1682,Elko,52082,nevada
1683,Esmeralda,826,nevada
1684,Eureka,1936,nevada
1685,Humboldt,16795,nevada
1686,Lander,5684,nevada
1687,Lincoln,5154,nevada
1688,Lyon,52707,nevada
1689,Mineral,4376,nevada
1690,Nye,43248,nevada
1691,Pershing,6576,nevada
1692,Storey,3986,nevada
1693,Washoe,449723,nevada
1694,White Pine,9749,nevada
1695,"Carson City, Nevada",54147,nevada
1696,Atlantic,267217,new jersey
1697,Bergen,928120,new jersey
1698,Burlington,445972,new jersey
1699,Camden,507002,new jersey
1700,Cape May,93655,new jersey
1701,Cumberland,153233,new jersey
1702,Essex,792689,new jersey
1703,Gloucester,290761,new jersey
1704,Hudson,668588,new jersey
1705,Hunterdon,124775,new jersey
1706,Mercer,367699,new jersey
1707,Middlesex,825457,new jersey
1708,Monmouth,622971,new jersey
1709,Morris,493801,new jersey
1710,Ocean,590897,new jersey
1711,Passaic,504147,new jersey
1712,Salem,63203,new jersey
1713,Somerset,329875,new jersey
1714,Sussex,141925,new jersey
1715,Union,552781,new jersey
1716,Warren,106059,new jersey
1717,Bernalillo,677683,new mexico
1718,Catron,3518,new mexico
1719,Chaves,65646,new mexico
1720,Cibola,27049,new mexico
1721,Colfax,12250,new mexico
1722,Curry,50283,new mexico
1723,De Baca,1835,new mexico
1724,Do√±a Ana,214663,new mexico
1725,Eddy,57650,new mexico
1726,Grant,28040,new mexico
1727,Guadalupe,4369,new mexico
1728,Harding,687,new mexico
1729,Hidalgo,4324,new mexico
1730,Lea,70249,new mexico
1731,Lincoln,19397,new mexico
1732,Los Alamos,18209,new mexico
1733,Luna,24362,new mexico
1734,McKinley,73028,new mexico
1735,Mora,4533,new mexico
1736,Otero,65647,new mexico
1737,Quay,8390,new mexico
1738,Rio Arriba,39245,new mexico
1739,Roosevelt,19145,new mexico
1740,Sandoval,140464,new mexico
1741,San Juan,127954,new mexico
1742,San Miguel,28005,new mexico
1743,Santa Fe,148758,new mexico
1744,Sierra,11117,new mexico
1745,Socorro,16964,new mexico
1746,Taos,32922,new mexico
1747,Torrance,15491,new mexico
1748,Union,4154,new mexico
1749,Valencia,75599,new mexico
1750,Albany,307597,new york
1751,Allegany,47044,new york
1752,Bronx,1444417,new york
1753,Broome,194498,new york
1754,Cattaraugus,77658,new york
1755,Cayuga,77674,new york
1756,Chautauqua,129206,new york
1757,Chemung,85644,new york
1758,Chenango,48315,new york
1759,Clinton,80500,new york
1760,Columbia,60835,new york
1761,Cortland,47915,new york
1762,Delaware,45393,new york
1763,Dutchess,293029,new york
1764,Erie,918678,new york
1765,Essex,37671,new york
1766,Franklin,51081,new york
1767,Fulton,53610,new york
1768,Genesee,58013,new york
1769,Greene,47494,new york
1770,Hamilton,4556,new york
1771,Herkimer,62436,new york
1772,Jefferson,112980,new york
1773,Kings,2608423,new york
1774,Lewis,26647,new york
1775,Livingston,64000,new york
1776,Madison,71387,new york
1777,Monroe,743770,new york
1778,Montgomery,49169,new york
1779,Nassau,1355952,new york
1780,New York,1635443,new york
1781,Niagara,211554,new york
1782,Oneida,230375,new york
1783,Onondaga,464109,new york
1784,Ontario,109229,new york
1785,Orange,377799,new york
1786,Orleans,41247,new york
1787,Oswego,118895,new york
1788,Otsego,60132,new york
1789,Putnam,98761,new york
1790,Queens,2306830,new york
1791,Rensselaer,159294,new york
1792,Richmond,474040,new york
1793,Rockland,323258,new york
1794,St. Lawrence,109449,new york
1795,Saratoga,227122,new york
1796,Schenectady,154475,new york
1797,Schoharie,31304,new york
1798,Schuyler,17967,new york
1799,Seneca,34710,new york
1800,Steuben,96958,new york
1801,Suffolk,1486406,new york
1802,Sullivan,74922,new york
1803,Tioga,48824,new york
1804,Tompkins,102942,new york
1805,Ulster,179042,new york
1806,Warren,64438,new york
1807,Washington,61795,new york
1808,Wayne,90758,new york
1809,Westchester,970267,new york
1810,Wyoming,40432,new york
1811,Yates,25059,new york
1812,Alamance,160283,north carolina
1813,Alexander,37133,north carolina
1814,Alleghany,10919,north carolina
1815,Anson,25165,north carolina
1816,Ashe,26600,north carolina
1817,Avery,17442,north carolina
1818,Beaufort,47369,north carolina
1819,Bertie,19423,north carolina
1820,Bladen,33638,north carolina
1821,Brunswick,126304,north carolina
1822,Buncombe,254955,north carolina
1823,Burke,89451,north carolina
1824,Cabarrus,201639,north carolina
1825,Caldwell,81766,north carolina
1826,Camden,10397,north carolina
1827,Carteret,68808,north carolina
1828,Caswell,22755,north carolina
1829,Catawba,156448,north carolina
1830,Chatham,69642,north carolina
1831,Cherokee,27809,north carolina
1832,Chowan,14201,north carolina
1833,Clay,10749,north carolina
1834,Cleveland,96960,north carolina
1835,Columbus,56292,north carolina
1836,Craven,102632,north carolina
1837,Cumberland,333167,north carolina
1838,Currituck,25640,north carolina
1839,Dare,35829,north carolina
1840,Davidson,164270,north carolina
1841,Davie,41921,north carolina
1842,Duplin,59275,north carolina
1843,Durham,307826,north carolina
1844,Edgecombe,53283,north carolina
1845,Forsyth,371260,north carolina
1846,Franklin,64676,north carolina
1847,Gaston,216622,north carolina
1848,Gates,11569,north carolina
1849,Graham,8531,north carolina
1850,Granville,58684,north carolina
1851,Greene,21078,north carolina
1852,Guilford,524265,north carolina
1853,Halifax,51815,north carolina
1854,Harnett,130674,north carolina
1855,Haywood,60405,north carolina
1856,Henderson,113583,north carolina
1857,Hertford,24209,north carolina
1858,Hoke,52981,north carolina
1859,Hyde,5434,north carolina
1860,Iredell,172466,north carolina
1861,Jackson,42622,north carolina
1862,Johnston,190843,north carolina
1863,Jones,9588,north carolina
1864,Lee,59646,north carolina
1865,Lenoir,57240,north carolina
1866,Lincoln,81229,north carolina
1867,McDowell,44866,north carolina
1868,Macon,34262,north carolina
1869,Madison,21367,north carolina
1870,Martin,23122,north carolina
1871,Mecklenburg,1056901,north carolina
1872,Mitchell,14996,north carolina
1873,Montgomery,27301,north carolina
1874,Moore,95405,north carolina
1875,Nash,93953,north carolina
1876,New Hanover,224809,north carolina
1877,Northampton,20127,north carolina
1878,Onslow,192314,north carolina
1879,Orange,142800,north carolina
1880,Pamlico,12765,north carolina
1881,Pasquotank,39392,north carolina
1882,Pender,58771,north carolina
1883,Perquimans,13402,north carolina
1884,Person,39270,north carolina
1885,Pitt,177171,north carolina
1886,Polk,20414,north carolina
1887,Randolph,143062,north carolina
1888,Richmond,45012,north carolina
1889,Robeson,133383,north carolina
1890,Rockingham,91308,north carolina
1891,Rowan,139410,north carolina
1892,Rutherford,66286,north carolina
1893,Sampson,63225,north carolina
1894,Scotland,35309,north carolina
1895,Stanly,60826,north carolina
1896,Stokes,45920,north carolina
1897,Surry,72008,north carolina
1898,Swain,14190,north carolina
1899,Transylvania,33393,north carolina
1900,Tyrrell,4024,north carolina
1901,Union,226279,north carolina
1902,Vance,44485,north carolina
1903,Wake,1048335,north carolina
1904,Warren,19884,north carolina
1905,Washington,12070,north carolina
1906,Watauga,54140,north carolina
1907,Wayne,124269,north carolina
1908,Wilkes,68581,north carolina
1909,Wilson,81307,north carolina
1910,Yadkin,37653,north carolina
1911,Yancey,17610,north carolina
1912,Adams,2344,north dakota
1913,Barnes,10899,north dakota
1914,Benson,6840,north dakota
1915,Billings,948,north dakota
1916,Bottineau,6573,north dakota
1917,Bowman,3222,north dakota
1918,Burke,2227,north dakota
1919,Burleigh,94606,north dakota
1920,Cass,174189,north dakota
1921,Cavalier,3824,north dakota
1922,Dickey,4987,north dakota
1923,Divide,2391,north dakota
1924,Dunn,4372,north dakota
1925,Eddy,2288,north dakota
1926,Emmons,3338,north dakota
1927,Foster,3309,north dakota
1928,Golden Valley,1857,north dakota
1929,Grand Forks,70473,north dakota
1930,Grant,2379,north dakota
1931,Griggs,2258,north dakota
1932,Hettinger,2597,north dakota
1933,Kidder,2475,north dakota
1934,LaMoure,4113,north dakota
1935,Logan,1930,north dakota
1936,McHenry,5970,north dakota
1937,McIntosh,2599,north dakota
1938,McKenzie,12572,north dakota
1939,McLean,9643,north dakota
1940,Mercer,8616,north dakota
1941,Morton,30732,north dakota
1942,Mountrail,10234,north dakota
1943,Nelson,2889,north dakota
1944,Oliver,1895,north dakota
1945,Pembina,7046,north dakota
1946,Pierce,4216,north dakota
1947,Ramsey,11557,north dakota
1948,Ransom,5375,north dakota
1949,Renville,2517,north dakota
1950,Richland,16289,north dakota
1951,Rolette,14716,north dakota
1952,Sargent,3883,north dakota
1953,Sheridan,1342,north dakota
1954,Sioux,4457,north dakota
1955,Slope,781,north dakota
1956,Stark,30869,north dakota
1957,Steele,1912,north dakota
1958,Stutsman,21068,north dakota
1959,Towner,2249,north dakota
1960,Traill,8001,north dakota
1961,Walsh,10816,north dakota
1962,Ward,69489,north dakota
1963,Wells,4049,north dakota
1964,Williams,34213,north dakota
1965,Adams,27807,ohio
1966,Allen,103613,ohio
1967,Ashland,53520,ohio
1968,Ashtabula,98171,ohio
1969,Athens,66352,ohio
1970,Auglaize,45766,ohio
1971,Belmont,68606,ohio
1972,Brown,43638,ohio
1973,Butler,378354,ohio
1974,Carroll,27621,ohio
1975,Champaign,38741,ohio
1976,Clark,134723,ohio
1977,Clermont,203165,ohio
1978,Clinton,41887,ohio
1979,Columbiana,103817,ohio
1980,Coshocton,36617,ohio
1981,Crawford,42095,ohio
1982,Cuyahoga,1254144,ohio
1983,Darke,51624,ohio
1984,Defiance,38140,ohio
1985,Delaware,197144,ohio
1986,Erie,74999,ohio
1987,Fairfield,152789,ohio
1988,Fayette,28670,ohio
1989,Franklin,1274450,ohio
1990,Fulton,42306,ohio
1991,Gallia,30186,ohio
1992,Geauga,93845,ohio
1993,Greene,165290,ohio
1994,Guernsey,39211,ohio
1995,Hamilton,811332,ohio
1996,Hancock,75831,ohio
1997,Hardin,31398,ohio
1998,Harrison,15252,ohio
1999,Henry,27282,ohio
2000,Highland,43006,ohio
2001,Hocking,28393,ohio
2002,Holmes,43847,ohio
2003,Huron,58367,ohio
2004,Jackson,32528,ohio
2005,Jefferson,66944,ohio
2006,Knox,60909,ohio
2007,Lake,229525,ohio
2008,Lawrence,60691,ohio
2009,Licking,171993,ohio
2010,Logan,45128,ohio
2011,Lorain,306607,ohio
2012,Lucas,432879,ohio
2013,Madison,43377,ohio
2014,Mahoning,230269,ohio
2015,Marion,65467,ohio
2016,Medina,176876,ohio
2017,Meigs,23166,ohio
2018,Mercer,40715,ohio
2019,Miami,104553,ohio
2020,Monroe,14083,ohio
2021,Montgomery,531818,ohio
2022,Morgan,14733,ohio
2023,Morrow,34922,ohio
2024,Muskingum,85993,ohio
2025,Noble,14441,ohio
2026,Ottawa,40488,ohio
2027,Paulding,18839,ohio
2028,Perry,35998,ohio
2029,Pickaway,57545,ohio
2030,Pike,28093,ohio
2031,Portage,162521,ohio
2032,Preble,41157,ohio
2033,Putnam,34007,ohio
2034,Richland,121242,ohio
2035,Ross,76848,ohio
2036,Sandusky,59317,ohio
2037,Scioto,76436,ohio
2038,Seneca,55467,ohio
2039,Shelby,48765,ohio
2040,Stark,373447,ohio
2041,Summit,541003,ohio
2042,Trumbull,201715,ohio
2043,Tuscarawas,92560,ohio
2044,Union,55581,ohio
2045,Van Wert,28177,ohio
2046,Vinton,13022,ohio
2047,Warren,226539,ohio
2048,Washington,60598,ohio
2049,Wayne,116613,ohio
2050,Williams,36937,ohio
2051,Wood,129768,ohio
2052,Wyandot,22071,ohio
2053,Adair,22305,oklahoma
2054,Alfalfa,5936,oklahoma
2055,Atoka,13894,oklahoma
2056,Beaver,5435,oklahoma
2057,Beckham,22427,oklahoma
2058,Blaine,9625,oklahoma
2059,Bryan,45599,oklahoma
2060,Caddo,29630,oklahoma
2061,Canadian,136386,oklahoma
2062,Carter,48431,oklahoma
2063,Cherokee,48791,oklahoma
2064,Choctaw,14877,oklahoma
2065,Cimarron,2189,oklahoma
2066,Cleveland,277809,oklahoma
2067,Coal,5652,oklahoma
2068,Comanche,121743,oklahoma
2069,Cotton,5933,oklahoma
2070,Craig,14465,oklahoma
2071,Creek,71191,oklahoma
2072,Custer,29222,oklahoma
2073,Delaware,41965,oklahoma
2074,Dewey,4905,oklahoma
2075,Ellis,4085,oklahoma
2076,Garfield,62493,oklahoma
2077,Garvin,27940,oklahoma
2078,Grady,54683,oklahoma
2079,Grant,4454,oklahoma
2080,Greer,5954,oklahoma
2081,Harmon,2712,oklahoma
2082,Harper,3776,oklahoma
2083,Haskell,12695,oklahoma
2084,Hughes,13417,oklahoma
2085,Jackson,25440,oklahoma
2086,Jefferson,6250,oklahoma
2087,Johnston,11126,oklahoma
2088,Kay,44901,oklahoma
2089,Kingfisher,15613,oklahoma
2090,Kiowa,9025,oklahoma
2091,Latimer,10550,oklahoma
2092,Le Flore,50144,oklahoma
2093,Lincoln,34872,oklahoma
2094,Logan,46027,oklahoma
2095,Love,10016,oklahoma
2096,McClain,38597,oklahoma
2097,McCurtain,33078,oklahoma
2098,McIntosh,19766,oklahoma
2099,Major,7751,oklahoma
2100,Marshall,16237,oklahoma
2101,Mayes,41035,oklahoma
2102,Murray,13909,oklahoma
2103,Muskogee,69012,oklahoma
2104,Noble,11410,oklahoma
2105,Nowata,10415,oklahoma
2106,Okfuskee,12079,oklahoma
2107,Oklahoma,784611,oklahoma
2108,Okmulgee,39075,oklahoma
2109,Osage,47364,oklahoma
2110,Ottawa,31592,oklahoma
2111,Pawnee,16471,oklahoma
2112,Payne,81850,oklahoma
2113,Pittsburg,44335,oklahoma
2114,Pontotoc,38512,oklahoma
2115,Pottawatomie,72001,oklahoma
2116,Pushmataha,11070,oklahoma
2117,Roger Mills,3671,oklahoma
2118,Rogers,90992,oklahoma
2119,Seminole,25137,oklahoma
2120,Sequoyah,41867,oklahoma
2121,Stephens,43998,oklahoma
2122,Texas,21183,oklahoma
2123,Tillman,7525,oklahoma
2124,Tulsa,645951,oklahoma
2125,Wagoner,77662,oklahoma
2126,Washington,52027,oklahoma
2127,Washita,11433,oklahoma
2128,Woods,9157,oklahoma
2129,Woodward,20975,oklahoma
2130,Baker,15971,oregon
2131,Benton,89918,oregon
2132,Clackamas,406625,oregon
2133,Clatsop,38678,oregon
2134,Columbia,50905,oregon
2135,Coos,63319,oregon
2136,Crook,22306,oregon
2137,Curry,22607,oregon
2138,Deschutes,180666,oregon
2139,Douglas,108116,oregon
2140,Gilliam,1857,oregon
2141,Grant,7166,oregon
2142,Harney,7243,oregon
2143,Hood River,23070,oregon
2144,Jackson,214366,oregon
2145,Jefferson,23036,oregon
2146,Josephine,85504,oregon
2147,Klamath,66198,oregon
2148,Lake,7830,oregon
2149,Lane,368874,oregon
2150,Lincoln,47793,oregon
2151,Linn,122769,oregon
2152,Malheur,30340,oregon
2153,Marion,335382,oregon
2154,Morrow,11222,oregon
2155,Multnomah,803212,oregon
2156,Polk,81436,oregon
2157,Sherman,1708,oregon
2158,Tillamook,26116,oregon
2159,Umatilla,76686,oregon
2160,Union,26061,oregon
2161,Wallowa,6915,oregon
2162,Wasco,25782,oregon
2163,Washington,584910,oregon
2164,Wheeler,1319,oregon
2165,Yamhill,104070,oregon
2166,Adams,101911,pennsylvania
2167,Allegheny,1226426,pennsylvania
2168,Armstrong,66397,pennsylvania
2169,Beaver,166758,pennsylvania
2170,Bedford,48601,pennsylvania
2171,Berks,415784,pennsylvania
2172,Blair,123708,pennsylvania
2173,Bradford,61092,pennsylvania
2174,Bucks,625861,pennsylvania
2175,Butler,186240,pennsylvania
2176,Cambria,134414,pennsylvania
2177,Cameron,4710,pennsylvania
2178,Carbon,63499,pennsylvania
2179,Centre,162034,pennsylvania
2180,Chester,516767,pennsylvania
2181,Clarion,38590,pennsylvania
2182,Clearfield,80196,pennsylvania
2183,Clinton,39017,pennsylvania
2184,Columbia,66133,pennsylvania
2185,Crawford,86306,pennsylvania
2186,Cumberland,247369,pennsylvania
2187,Dauphin,274196,pennsylvania
2188,Delaware,563708,pennsylvania
2189,Elk,30512,pennsylvania
2190,Erie,276170,pennsylvania
2191,Fayette,132350,pennsylvania
2192,Forest,7334,pennsylvania
2193,Franklin,153705,pennsylvania
2194,Fulton,14497,pennsylvania
2195,Greene,37209,pennsylvania
2196,Huntingdon,45380,pennsylvania
2197,Indiana,85155,pennsylvania
2198,Jefferson,44031,pennsylvania
2199,Juniata,24559,pennsylvania
2200,Lackawanna,211004,pennsylvania
2201,Lancaster,538160,pennsylvania
2202,Lawrence,87325,pennsylvania
2203,Lebanon,138480,pennsylvania
2204,Lehigh,362298,pennsylvania
2205,Luzerne,317172,pennsylvania
2206,Lycoming,114876,pennsylvania
2207,McKean,41670,pennsylvania
2208,Mercer,112598,pennsylvania
2209,Mifflin,46316,pennsylvania
2210,Monroe,166220,pennsylvania
2211,Montgomery,819791,pennsylvania
2212,Montour,18257,pennsylvania
2213,Northampton,301307,pennsylvania
2214,Northumberland,92283,pennsylvania
2215,Perry,45945,pennsylvania
2216,Philadelphia,1576051,pennsylvania
2217,Pike,54955,pennsylvania
2218,Potter,16954,pennsylvania
2219,Schuylkill,143497,pennsylvania
2220,Snyder,40423,pennsylvania
2221,Somerset,74860,pennsylvania
2222,Sullivan,6126,pennsylvania
2223,Susquehanna,41252,pennsylvania
2224,Tioga,41250,pennsylvania
2225,Union,45454,pennsylvania
2226,Venango,52477,pennsylvania
2227,Warren,40026,pennsylvania
2228,Washington,207386,pennsylvania
2229,Wayne,51339,pennsylvania
2230,Westmoreland,354665,pennsylvania
2231,Wyoming,27546,pennsylvania
2232,York,443693,pennsylvania
2233,Abbeville,24657,south carolina
2234,Aiken,167172,south carolina
2235,Allendale,9067,south carolina
2236,Anderson,195582,south carolina
2237,Bamberg,14478,south carolina
2238,Barnwell,21606,south carolina
2239,Beaufort,183184,south carolina
2240,Berkeley,208525,south carolina
2241,Calhoun,14744,south carolina
2242,Charleston,396880,south carolina
2243,Cherokee,56683,south carolina
2244,Chester,32297,south carolina
2245,Chesterfield,46120,south carolina
2246,Clarendon,34259,south carolina
2247,Colleton,37579,south carolina
2248,Darlington,67259,south carolina
2249,Dillon,30719,south carolina
2250,Dorchester,156173,south carolina
2251,Edgefield,26626,south carolina
2252,Fairfield,22633,south carolina
2253,Florence,138595,south carolina
2254,Georgetown,61565,south carolina
2255,Greenville,499122,south carolina
2256,Greenwood,70188,south carolina
2257,Hampton,19789,south carolina
2258,Horry,321033,south carolina
2259,Jasper,28085,south carolina
2260,Kershaw,64333,south carolina
2261,Lancaster,89823,south carolina
2262,Laurens,66603,south carolina
2263,Lee,17506,south carolina
2264,Lexington,286277,south carolina
2265,McCormick,9572,south carolina
2266,Marion,31760,south carolina
2267,Marlboro,26979,south carolina
2268,Newberry,37934,south carolina
2269,Oconee,76535,south carolina
2270,Orangeburg,88419,south carolina
2271,Pickens,123020,south carolina
2272,Richland,409014,south carolina
2273,Saluda,20187,south carolina
2274,Spartanburg,300867,south carolina
2275,Sumter,107075,south carolina
2276,Union,27666,south carolina
2277,Williamsburg,31912,south carolina
2278,York,257866,south carolina
2279,Aurora,2764,south dakota
2280,Beadle,18188,south dakota
2281,Bennett,3441,south dakota
2282,Bon Homme,6940,south dakota
2283,Brookings,34301,south dakota
2284,Brown,38900,south dakota
2285,Brule,5216,south dakota
2286,Buffalo,2030,south dakota
2287,Butte,10124,south dakota
2288,Campbell,1386,south dakota
2289,Charles Mix,9358,south dakota
2290,Clark,3637,south dakota
2291,Clay,13933,south dakota
2292,Codington,28062,south dakota
2293,Corson,4118,south dakota
2294,Custer,8606,south dakota
2295,Davison,20011,south dakota
2296,Day,5509,south dakota
2297,Deuel,4253,south dakota
2298,Dewey,5785,south dakota
2299,Douglas,2919,south dakota
2300,Edmunds,3939,south dakota
2301,Fall River,6785,south dakota
2302,Faulk,2317,south dakota
2303,Grant,7212,south dakota
2304,Gregory,4158,south dakota
2305,Haakon,1885,south dakota
2306,Hamlin,5917,south dakota
2307,Hand,3275,south dakota
2308,Hanson,3383,south dakota
2309,Harding,1267,south dakota
2310,Hughes,17604,south dakota
2311,Hutchinson,7327,south dakota
2312,Hyde,1333,south dakota
2313,Jackson,3280,south dakota
2314,Jerauld,2008,south dakota
2315,Jones,931,south dakota
2316,Kingsbury,4973,south dakota
2317,Lake,12605,south dakota
2318,Lawrence,25317,south dakota
2319,Lincoln,54567,south dakota
2320,Lyman,3900,south dakota
2321,McCook,5508,south dakota
2322,McPherson,2418,south dakota
2323,Marshall,4833,south dakota
2324,Meade,27339,south dakota
2325,Mellette,2076,south dakota
2326,Miner,2229,south dakota
2327,Minnehaha,186268,south dakota
2328,Moody,6508,south dakota
2329,Oglala Lakota,14425,south dakota
2330,Pennington,109111,south dakota
2331,Perkins,2964,south dakota
2332,Potter,2256,south dakota
2333,Roberts,10192,south dakota
2334,Sanborn,2374,south dakota
2335,Spink,6493,south dakota
2336,Stanley,3012,south dakota
2337,Sully,1410,south dakota
2338,Todd,10233,south dakota
2339,Tripp,5495,south dakota
2340,Turner,8259,south dakota
2341,Union,15137,south dakota
2342,Walworth,5472,south dakota
2343,Yankton,22649,south dakota
2344,Ziebach,2871,south dakota
2345,Anderson,75528,tennessee
2346,Bedford,47442,tennessee
2347,Benton,16082,tennessee
2348,Bledsoe,14738,tennessee
2349,Blount,128264,tennessee
2350,Bradley,104390,tennessee
2351,Campbell,39784,tennessee
2352,Cannon,13876,tennessee
2353,Carroll,27901,tennessee
2354,Carter,56473,tennessee
2355,Cheatham,39775,tennessee
2356,Chester,17130,tennessee
2357,Claiborne,31634,tennessee
2358,Clay,7654,tennessee
2359,Cocke,35234,tennessee
2360,Coffee,54537,tennessee
2361,Crockett,14448,tennessee
2362,Cumberland,58580,tennessee
2363,Davidson,685829,tennessee
2364,Decatur,11735,tennessee
2365,DeKalb,19444,tennessee
2366,Dickson,51900,tennessee
2367,Dyer,37542,tennessee
2368,Fayette,39703,tennessee
2369,Fentress,18040,tennessee
2370,Franklin,41518,tennessee
2371,Gibson,49250,tennessee
2372,Giles,29165,tennessee
2373,Grainger,23095,tennessee
2374,Greene,68529,tennessee
2375,Grundy,13276,tennessee
2376,Hamblen,63681,tennessee
2377,Hamilton,357778,tennessee
2378,Hancock,6583,tennessee
2379,Hardeman,25584,tennessee
2380,Hardin,25740,tennessee
2381,Hawkins,56565,tennessee
2382,Haywood,17822,tennessee
2383,Henderson,27855,tennessee
2384,Henry,32232,tennessee
2385,Hickman,24666,tennessee
2386,Houston,8101,tennessee
2387,Humphreys,18383,tennessee
2388,Jackson,11611,tennessee
2389,Jefferson,53148,tennessee
2390,Johnson,17759,tennessee
2391,Knox,456089,tennessee
2392,Lake,7531,tennessee
2393,Lauderdale,25320,tennessee
2394,Lawrence,43056,tennessee
2395,Lewis,11891,tennessee
2396,Lincoln,33564,tennessee
2397,Loudon,51373,tennessee
2398,McMinn,52700,tennessee
2399,McNairy,25832,tennessee
2400,Macon,23340,tennessee
2401,Madison,97478,tennessee
2402,Marion,28383,tennessee
2403,Marshall,32035,tennessee
2404,Maury,89556,tennessee
2405,Meigs,11953,tennessee
2406,Monroe,45848,tennessee
2407,Montgomery,194424,tennessee
2408,Moore,6293,tennessee
2409,Morgan,21741,tennessee
2410,Obion,30547,tennessee
2411,Overton,21964,tennessee
2412,Perry,7880,tennessee
2413,Pickett,5091,tennessee
2414,Polk,16794,tennessee
2415,Putnam,75985,tennessee
2416,Rhea,32474,tennessee
2417,Roane,52944,tennessee
2418,Robertson,69393,tennessee
2419,Rutherford,307415,tennessee
2420,Scott,21890,tennessee
2421,Sequatchie,14754,tennessee
2422,Sevier,96470,tennessee
2423,Shelby,936021,tennessee
2424,Smith,19526,tennessee
2425,Stewart,13190,tennessee
2426,Sullivan,156182,tennessee
2427,Sumner,179332,tennessee
2428,Tipton,61223,tennessee
2429,Trousdale,9955,tennessee
2430,Unicoi,17737,tennessee
2431,Union,19219,tennessee
2432,Van Buren,5721,tennessee
2433,Warren,40428,tennessee
2434,Washington,127247,tennessee
2435,Wayne,16747,tennessee
2436,Weakley,33610,tennessee
2437,White,26463,tennessee
2438,Williamson,218903,tennessee
2439,Wilson,132494,tennessee
2440,Anderson,57526,texas
2441,Andrews,17791,texas
2442,Angelina,87682,texas
2443,Aransas,25162,texas
2444,Archer,8781,texas
2445,Armstrong,1843,texas
2446,Atascosa,48720,texas
2447,Austin,29629,texas
2448,Bailey,7196,texas
2449,Bandera,21701,texas
2450,Bastrop,82591,texas
2451,Baylor,3638,texas
2452,Bee,32812,texas
2453,Bell,341094,texas
2454,Bexar,1927651,texas
2455,Blanco,11301,texas
2456,Borden,657,texas
2457,Bosque,18009,texas
2458,Bowie,93424,texas
2459,Brazoria,353155,texas
2460,Brazos,219739,texas
2461,Brewster,9211,texas
2462,Briscoe,1483,texas
2463,Brooks,7190,texas
2464,Brown,38039,texas
2465,Burleson,17848,texas
2466,Burnet,45817,texas
2467,Caldwell,41147,texas
2468,Calhoun,21948,texas
2469,Callahan,13789,texas
2470,Cameron,421350,texas
2471,Camp,12771,texas
2472,Carson,6096,texas
2473,Cass,30058,texas
2474,Castro,7765,texas
2475,Chambers,40163,texas
2476,Cherokee,51879,texas
2477,Childress,7204,texas
2478,Clay,10251,texas
2479,Cochran,2921,texas
2480,Coke,3259,texas
2481,Coleman,8412,texas
2482,Collin,943742,texas
2483,Collingsworth,3007,texas
2484,Colorado,21081,texas
2485,Comal,134343,texas
2486,Comanche,13543,texas
2487,Concho,4140,texas
2488,Cooke,39343,texas
2489,Coryell,74803,texas
2490,Cottle,1402,texas
2491,Crane,4779,texas
2492,Crockett,3642,texas
2493,Crosby,5911,texas
2494,Culberson,2220,texas
2495,Dallam,7357,texas
2496,Dallas,2591488,texas
2497,Dawson,12999,texas
2498,Deaf Smith,18846,texas
2499,Delta,5147,texas
2500,Denton,808212,texas
2501,DeWitt,20623,texas
2502,Dickens,2193,texas
2503,Dimmit,10679,texas
2504,Donley,3387,texas
2505,Duval,11431,texas
2506,Eastland,18240,texas
2507,Ector,157858,texas
2508,Edwards,1908,texas
2509,Ellis,168332,texas
2510,El Paso,834949,texas
2511,Erath,41372,texas
2512,Falls,17276,texas
2513,Fannin,33933,texas
2514,Fayette,25018,texas
2515,Fisher,3877,texas
2516,Floyd,5847,texas
2517,Foard,1200,texas
2518,Fort Bend,744160,texas
2519,Franklin,10677,texas
2520,Freestone,19669,texas
2521,Frio,19584,texas
2522,Gaines,20446,texas
2523,Galveston,328820,texas
2524,Garza,6212,texas
2525,Gillespie,26206,texas
2526,Glasscock,1365,texas
2527,Goliad,7512,texas
2528,Gonzales,20787,texas
2529,Gray,22741,texas
2530,Grayson,128291,texas
2531,Gregg,123367,texas
2532,Grimes,27494,texas
2533,Guadalupe,154492,texas
2534,Hale,34107,texas
2535,Hall,3113,texas
2536,Hamilton,8237,texas
2537,Hansford,5592,texas
2538,Hardeman,3982,texas
2539,Hardin,56242,texas
2540,Harris,4623960,texas
2541,Harrison,66611,texas
2542,Hartley,5740,texas
2543,Haskell,5751,texas
2544,Hays,204546,texas
2545,Hemphill,4101,texas
2546,Henderson,80062,texas
2547,Hidalgo,848960,texas
2548,Hill,35102,texas
2549,Hockley,23043,texas
2550,Hood,56569,texas
2551,Hopkins,36184,texas
2552,Houston,22897,texas
2553,Howard,36214,texas
2554,Hudspeth,4254,texas
2555,Hunt,91895,texas
2556,Hutchinson,21528,texas
2557,Irion,1562,texas
2558,Jack,8789,texas
2559,Jackson,14873,texas
2560,Jasper,35417,texas
2561,Jeff Davis,2231,texas
2562,Jefferson,255748,texas
2563,Jim Hogg,5257,texas
2564,Jim Wells,41181,texas
2565,Johnson,162763,texas
2566,Jones,19971,texas
2567,Karnes,15494,texas
2568,Kaufman,117904,texas
2569,Kendall,41903,texas
2570,Kenedy,436,texas
2571,Kent,748,texas
2572,Kerr,51426,texas
2573,Kimble,4413,texas
2574,King,292,texas
2575,Kinney,3636,texas
2576,Kleberg,31304,texas
2577,Knox,3732,texas
2578,Lamar,49528,texas
2579,Lamb,13195,texas
2580,Lampasas,20524,texas
2581,La Salle,7596,texas
2582,Lavaca,19891,texas
2583,Lee,16975,texas
2584,Leon,17200,texas
2585,Liberty,81354,texas
2586,Limestone,23472,texas
2587,Lipscomb,3494,texas
2588,Live Oak,12023,texas
2589,Llano,20592,texas
2590,Loving,117,texas
2591,Lubbock,302094,texas
2592,Lynn,5775,texas
2593,McCulloch,8124,texas
2594,McLennan,247553,texas
2595,McMullen,806,texas
2596,Madison,14120,texas
2597,Marion,10125,texas
2598,Martin,5616,texas
2599,Mason,4161,texas
2600,Matagorda,37088,texas
2601,Maverick,58041,texas
2602,Medina,49254,texas
2603,Menard,2091,texas
2604,Midland,163850,texas
2605,Milam,24680,texas
2606,Mills,4884,texas
2607,Mitchell,8474,texas
2608,Montague,19390,texas
2609,Montgomery,555216,texas
2610,Moore,21641,texas
2611,Morris,12429,texas
2612,Motley,1170,texas
2613,Nacogdoches,65549,texas
2614,Navarro,48405,texas
2615,Newton,14160,texas
2616,Nolan,15044,texas
2617,Nueces,361642,texas
2618,Ochiltree,10257,texas
2619,Oldham,2074,texas
2620,Orange,84549,texas
2621,Palo Pinto,28125,texas
2622,Panola,23419,texas
2623,Parker,128967,texas
2624,Parmer,9762,texas
2625,Pecos,15881,texas
2626,Polk,47656,texas
2627,Potter,120632,texas
2628,Presidio,7156,texas
2629,Rains,11304,texas
2630,Randall,132342,texas
2631,Reagan,3726,texas
2632,Real,3399,texas
2633,Red River,12179,texas
2634,Reeves,15229,texas
2635,Refugio,7272,texas
2636,Roberts,910,texas
2637,Robertson,16804,texas
2638,Rockwall,93421,texas
2639,Runnels,10276,texas
2640,Rusk,52892,texas
2641,Sabine,10381,texas
2642,San Augustine,8288,texas
2643,San Jacinto,27732,texas
2644,San Patricio,67311,texas
2645,San Saba,5922,texas
2646,Schleicher,3057,texas
2647,Scurry,17394,texas
2648,Shackelford,3337,texas
2649,Shelby,25566,texas
2650,Sherman,3070,texas
2651,Smith,225161,texas
2652,Somervell,8671,texas
2653,Starr,63894,texas
2654,Stephens,9377,texas
2655,Sterling,1339,texas
2656,Stonewall,1401,texas
2657,Sutton,3886,texas
2658,Swisher,7428,texas
2659,Tarrant,2023556,texas
2660,Taylor,136257,texas
2661,Terrell,818,texas
2662,Terry,12770,texas
2663,Throckmorton,1537,texas
2664,Titus,32463,texas
2665,Tom Green,117634,texas
2666,Travis,1206110,texas
2667,Trinity,14543,texas
2668,Tyler,21423,texas
2669,Upshur,40771,texas
2670,Upton,3690,texas
2671,Uvalde,27081,texas
2672,Val Verde,48911,texas
2673,Van Zandt,54367,texas
2674,Victoria,92402,texas
2675,Walker,71845,texas
2676,Waller,50046,texas
2677,Ward,11571,texas
2678,Washington,34740,texas
2679,Webb,272301,texas
2680,Wharton,41609,texas
2681,Wheeler,5518,texas
2682,Wichita,131295,texas
2683,Wilbarger,12880,texas
2684,Willacy,21761,texas
2685,Williamson,527622,texas
2686,Wilson,48212,texas
2687,Winkler,7915,texas
2688,Wise,64478,texas
2689,Wood,43753,texas
2690,Yoakum,8652,texas
2691,Young,18098,texas
2692,Zapata,14446,texas
2693,Zavala,12121,texas
2694,Beaver,6478,utah
2695,Box Elder,52975,utah
2696,Cache,122201,utah
2697,Carbon,20324,utah
2698,Daggett,1076,utah
2699,Davis,341000,utah
2700,Duchesne,20242,utah
2701,Emery,10206,utah
2702,Garfield,4952,utah
2703,Grand,9622,utah
2704,Iron,49676,utah
2705,Juab,11016,utah
2706,Kane,7297,utah
2707,Millard,12655,utah
2708,Morgan,11370,utah
2709,Piute,1459,utah
2710,Rich,2313,utah
2711,Salt Lake,1120109,utah
2712,San Juan,15329,utah
2713,Sanpete,29232,utah
2714,Sevier,21131,utah
2715,Summit,40512,utah
2716,Tooele,64612,utah
2717,Uintah,36264,utah
2718,Utah,590288,utah
2719,Wasatch,30375,utah
2720,Washington,159352,utah
2721,Wayne,2671,utah
2722,Weber,247131,utah
2723,Accomack,32871,virginia
2724,Albemarle,106431,virginia
2725,Alleghany,15387,virginia
2726,Amelia,12801,virginia
2727,Amherst,31887,virginia
2728,Appomattox,15528,virginia
2729,Arlington,231259,virginia
2730,Augusta,74834,virginia
2731,Bath,4409,virginia
2732,Bedford,77993,virginia
2733,Bland,6472,virginia
2734,Botetourt,33252,virginia
2735,Brunswick,16618,virginia
2736,Buchanan,22212,virginia
2737,Buckingham,17051,virginia
2738,Campbell,55419,virginia
2739,Caroline,30099,virginia
2740,Carroll,29789,virginia
2741,Charles City,7034,virginia
2742,Charlotte,12119,virginia
2743,Chesterfield,338479,virginia
2744,Clarke,14294,virginia
2745,Craig,5120,virginia
2746,Culpeper,50319,virginia
2747,Cumberland,9745,virginia
2748,Dickenson,15014,virginia
2749,Dinwiddie,28468,virginia
2750,Essex,11077,virginia
2751,Fairfax,1144188,virginia
2752,Fauquier,68805,virginia
2753,Floyd,15677,virginia
2754,Fluvanna,26187,virginia
2755,Franklin,56158,virginia
2756,Frederick,84638,virginia
2757,Giles,16827,virginia
2758,Gloucester,37114,virginia
2759,Goochland,22485,virginia
2760,Grayson,15867,virginia
2761,Greene,19309,virginia
2762,Greensville,11500,virginia
2763,Halifax,34990,virginia
2764,Hanover,104290,virginia
2765,Henrico,325931,virginia
2766,Henry,51645,virginia
2767,Highland,2210,virginia
2768,Isle of Wight,36326,virginia
2769,James City,73930,virginia
2770,King and Queen,7054,virginia
2771,King George,25947,virginia
2772,King William,16405,virginia
2773,Lancaster,10771,virginia
2774,Lee,24165,virginia
2775,Loudoun,385546,virginia
2776,Louisa,35304,virginia
2777,Lunenburg,12319,virginia
2778,Madison,13081,virginia
2779,Mathews,8769,virginia
2780,Mecklenburg,30813,virginia
2781,Middlesex,10749,virginia
2782,Montgomery,98172,virginia
2783,Nelson,14805,virginia
2784,New Kent,21009,virginia
2785,Northampton,12002,virginia
2786,Northumberland,12176,virginia
2787,Nottoway,15495,virginia
2788,Orange,35354,virginia
2789,Page,23619,virginia
2790,Patrick,17796,virginia
2791,Pittsylvania,61704,virginia
2792,Powhatan,28443,virginia
2793,Prince Edward,23020,virginia
2794,Prince George,37972,virginia
2795,Prince William,456496,virginia
2796,Pulaski,34249,virginia
2797,Rappahannock,7380,virginia
2798,Richmond,8758,virginia
2799,Roanoke,93528,virginia
2800,Rockbridge,22450,virginia
2801,Rockingham,79367,virginia
2802,Russell,27422,virginia
2803,Scott,22082,virginia
2804,Shenandoah,42907,virginia
2805,Smyth,31126,virginia
2806,Southampton,18080,virginia
2807,Spotsylvania,131252,virginia
2808,Stafford,143501,virginia
2809,Surry,6554,virginia
2810,Sussex,11414,virginia
2811,Tazewell,42155,virginia
2812,Warren,39165,virginia
2813,Washington,54100,virginia
2814,Westmoreland,17649,virginia
2815,Wise,39027,virginia
2816,Wythe,28912,virginia
2817,York,67832,virginia
2818,"Alexandria city, Virginia",156698,virginia
2819,"Bristol city, Virginia",17088,virginia
2820,"Buena Vista city, Virginia",6435,virginia
2821,"Charlottesville city, Virginia",46943,virginia
2822,"Chesapeake city, Virginia",237464,virginia
2823,"Colonial Heights city, Virginia",17398,virginia
2824,"Covington city, Virginia",5637,virginia
2825,"Danville city, Virginia",41665,virginia
2826,"Emporia city, Virginia",5478,virginia
2827,"Fairfax city, Virginia",23246,virginia
2828,"Falls Church city, Virginia",13582,virginia
2829,"Franklin city, Virginia",8201,virginia
2830,"Fredericksburg city, Virginia",28360,virginia
2831,"Galax city, Virginia",6604,virginia
2832,"Hampton city, Virginia",135374,virginia
2833,"Harrisonburg city, Virginia",53542,virginia
2834,"Hopewell city, Virginia",22539,virginia
2835,"Lexington city, Virginia",7148,virginia
2836,"Lynchburg city, Virginia",79710,virginia
2837,"Manassas city, Virginia",41189,virginia
2838,"Manassas Park city, Virginia",16456,virginia
2839,"Martinsville city, Virginia",12996,virginia
2840,"Newport News city, Virginia",180209,virginia
2841,"Norfolk city, Virginia",245680,virginia
2842,"Norton city, Virginia",3972,virginia
2843,"Petersburg city, Virginia",31380,virginia
2844,"Poquoson city, Virginia",11952,virginia
2845,"Portsmouth city, Virginia",95165,virginia
2846,"Radford city, Virginia",17324,virginia
2847,"Richmond city, Virginia",225369,virginia
2848,"Roanoke city, Virginia",99337,virginia
2849,"Salem city, Virginia",25252,virginia
2850,"Staunton city, Virginia",24156,virginia
2851,"Suffolk city, Virginia",89194,virginia
2852,"Virginia Beach city, Virginia",450983,virginia
2853,"Waynesboro city, Virginia",21757,virginia
2854,"Williamsburg city, Virginia",14884,virginia
2855,"Winchester city, Virginia",27785,virginia
2856,Adams,19369,washington
2857,Asotin,22286,washington
2858,Benton,193494,washington
2859,Chelan,75855,washington
2860,Clallam,74240,washington
2861,Clark,465272,washington
2862,Columbia,3975,washington
2863,Cowlitz,104740,washington
2864,Douglas,41366,washington
2865,Ferry,7531,washington
2866,Franklin,90199,washington
2867,Garfield,2246,washington
2868,Grant,94221,washington
2869,Grays Harbor,71531,washington
2870,Island,81692,washington
2871,Jefferson,30910,washington
2872,King,2166350,washington
2873,Kitsap,263142,washington
2874,Kittitas,44922,washington
2875,Klickitat,21286,washington
2876,Lewis,76693,washington
2877,Lincoln,10335,washington
2878,Mason,62142,washington
2879,Okanogan,41579,washington
2880,Pacific,21285,washington
2881,Pend Oreille,13131,washington
2882,Pierce,862895,washington
2883,San Juan,16309,washington
2884,Skagit,123603,washington
2885,Skamania,11581,washington
2886,Snohomish,787110,washington
2887,Spokane,496889,washington
2888,Stevens,44141,washington
2889,Thurston,273714,washington
2890,Wahkiakum,4161,washington
2891,Walla Walla,60008,washington
2892,Whatcom,216417,washington
2893,Whitman,48824,washington
2894,Yakima,249327,washington
2895,Barbour,16749,west virginia
2896,Berkeley,113489,west virginia
2897,Boone,22809,west virginia
2898,Braxton,14323,west virginia
2899,Brooke,22663,west virginia
2900,Cabell,95681,west virginia
2901,Calhoun,7374,west virginia
2902,Clay,8829,west virginia
2903,Doddridge,8576,west virginia
2904,Fayette,44179,west virginia
2905,Gilmer,8134,west virginia
2906,Grant,11602,west virginia
2907,Greenbrier,35532,west virginia
2908,Hampshire,23316,west virginia
2909,Hancock,29662,west virginia
2910,Hardy,13812,west virginia
2911,Harrison,68349,west virginia
2912,Jackson,29188,west virginia
2913,Jefferson,55979,west virginia
2914,Kanawha,186196,west virginia
2915,Lewis,16289,west virginia
2916,Lincoln,21108,west virginia
2917,Logan,33674,west virginia
2918,McDowell,19192,west virginia
2919,Marion,56504,west virginia
2920,Marshall,31720,west virginia
2921,Mason,26938,west virginia
2922,Mercer,60632,west virginia
2923,Mineral,27375,west virginia
2924,Mingo,24716,west virginia
2925,Monongalia,105643,west virginia
2926,Monroe,13487,west virginia
2927,Morgan,17626,west virginia
2928,Nicholas,25381,west virginia
2929,Ohio,42629,west virginia
2930,Pendleton,6977,west virginia
2931,Pleasants,7490,west virginia
2932,Pocahontas,8528,west virginia
2933,Preston,33760,west virginia
2934,Putnam,56675,west virginia
2935,Raleigh,76296,west virginia
2936,Randolph,29034,west virginia
2937,Ritchie,9985,west virginia
2938,Roane,14114,west virginia
2939,Summers,12978,west virginia
2940,Taylor,16952,west virginia
2941,Tucker,7053,west virginia
2942,Tyler,8967,west virginia
2943,Upshur,24680,west virginia
2944,Wayne,40724,west virginia
2945,Webster,8557,west virginia
2946,Wetzel,15644,west virginia
2947,Wirt,5767,west virginia
2948,Wood,85709,west virginia
2949,Wyoming,21777,west virginia
2950,Adams,19982,wisconsin
2951,Ashland,15633,wisconsin
2952,Barron,45242,wisconsin
2953,Bayfield,14923,wisconsin
2954,Brown,259514,wisconsin
2955,Buffalo,13134,wisconsin
2956,Burnett,15222,wisconsin
2957,Calumet,49607,wisconsin
2958,Chippewa,63523,wisconsin
2959,Clark,34485,wisconsin
2960,Columbia,56875,wisconsin
2961,Crawford,16250,wisconsin
2962,Dane,531296,wisconsin
2963,Dodge,87382,wisconsin
2964,Door,27338,wisconsin
2965,Douglas,43359,wisconsin
2966,Dunn,44354,wisconsin
2967,Eau Claire,102907,wisconsin
2968,Florence,4313,wisconsin
2969,Fond du Lac,102211,wisconsin
2970,Forest,9021,wisconsin
2971,Grant,51985,wisconsin
2972,Green,36787,wisconsin
2973,Green Lake,18596,wisconsin
2974,Iowa,23430,wisconsin
2975,Iron,5660,wisconsin
2976,Jackson,20484,wisconsin
2977,Jefferson,84464,wisconsin
2978,Juneau,26345,wisconsin
2979,Kenosha,167867,wisconsin
2980,Kewaunee,20380,wisconsin
2981,La Crosse,117681,wisconsin
2982,Lafayette,16757,wisconsin
2983,Langlade,19083,wisconsin
2984,Lincoln,27834,wisconsin
2985,Manitowoc,79348,wisconsin
2986,Marathon,135101,wisconsin
2987,Marinette,40255,wisconsin
2988,Marquette,15130,wisconsin
2989,Menominee,4527,wisconsin
2990,Milwaukee,954841,wisconsin
2991,Monroe,45423,wisconsin
2992,Oconto,37475,wisconsin
2993,Oneida,35329,wisconsin
2994,Outagamie,184593,wisconsin
2995,Ozaukee,88332,wisconsin
2996,Pepin,7250,wisconsin
2997,Pierce,41456,wisconsin
2998,Polk,43224,wisconsin
2999,Portage,70451,wisconsin
3000,Price,13413,wisconsin
3001,Racine,194846,wisconsin
3002,Richland,17556,wisconsin
3003,Rock,161320,wisconsin
3004,Rusk,14101,wisconsin
3005,St. Croix,87598,wisconsin
3006,Sauk,63614,wisconsin
3007,Sawyer,16320,wisconsin
3008,Shawano,40952,wisconsin
3009,Sheboygan,115030,wisconsin
3010,Taylor,20290,wisconsin
3011,Trempealeau,29540,wisconsin
3012,Vernon,30553,wisconsin
3013,Vilas,21500,wisconsin
3014,Walworth,102627,wisconsin
3015,Washburn,15621,wisconsin
3016,Washington,134310,wisconsin
3017,Waukesha,398521,wisconsin
3018,Waupaca,51306,wisconsin
3019,Waushara,24103,wisconsin
3020,Winnebago,169629,wisconsin
3021,Wood,73219,wisconsin
3022,Albany,37923,wyoming
3023,Big Horn,11941,wyoming
3024,Campbell,48745,wyoming
3025,Carbon,15689,wyoming
3026,Converse,14094,wyoming
3027,Crook,7499,wyoming
3028,Fremont,40200,wyoming
3029,Goshen,13306,wyoming
3030,Hot Springs,4654,wyoming
3031,Johnson,8484,wyoming
3032,Laramie,97887,wyoming
3033,Lincoln,19072,wyoming
3034,Natrona,80909,wyoming
3035,Niobrara,2468,wyoming
3036,Park,29213,wyoming
3037,Platte,8662,wyoming
3038,Sheridan,29964,wyoming
3039,Sublette,9982,wyoming
3040,Sweetwater,44222,wyoming
3041,Teton,23234,wyoming
3042,Uinta,20682,wyoming
3043,Washakie,8165,wyoming
3044,Weston,7220,wyoming
